order_latitude,order_longitude,distance_km,delivery_time_window_hrs,order_priority,vehicle_capacity_kg,order_weight_kg,vehicle_utilization_ratio,traffic_density_index,average_speed_kmph,weather_impact_index,time_of_day,fuel_cost_per_km,driver_cost_per_hour,optimized_route_time_min,optimized_route_cost,delivery_efficiency_score,route_reliability_index
12.949816047538945,77.47405317153545,13.823578503059393,16.472168866804655,2,500,42.94405266976449,0.5386765944237393,0.910270338074304,27.918126782891424,0.35778492584176624,12,6.16180775011891,279.70379113438366,43.23,286.7,0.0452,0.529
13.180285722563966,77.61676037895134,13.101961154527991,19.323672135401562,1,127,37.747730408317985,0.8638263981284107,0.5640993848262156,19.159912256331744,0.9416331814852029,15,10.550185242052912,356.88029605722437,52.6,451.09,0.0187,0.492
13.092797576724562,77.74917833435056,45.4064744455308,6.760761672227477,4,636,40.450725714492705,0.5370278603788428,0.6447296136594562,42.138683080914625,0.7111295180030899,21,7.872125711273616,135.2386218389152,85.49,550.14,0.0462,0.529
13.039463393678815,77.69288995456382,13.2277637926258,15.372104290960975,1,157,7.7054131627314835,0.3388030922588637,0.5231810266424668,26.388560292060944,0.29563833177963617,1,14.401760633010566,306.8693233155895,37.94,384.55,0.0257,0.702
12.862407456176975,77.72262445914458,14.325536580302918,14.15015761230622,3,597,4.416251865852744,0.6879313557033537,0.5680937465626604,53.00367594948964,0.5810464912839151,18,12.620716534397257,222.65309851752048,20.82,258.06,0.1375,0.598
12.862397808134482,77.66351334668428,38.210514858480224,20.155098666130236,3,396,44.77683172531137,0.7115316274263701,0.21213935923713736,16.13140249890033,0.9442295793642561,16,14.725144821597427,161.84384808404923,157.2,986.69,0.019,0.632
12.823233444867281,77.67691062580714,23.03725228007646,21.840002391068992,4,233,20.003879208983623,0.954178171935302,0.4269964079683648,31.673184986656185,0.8118131069457786,4,5.3755606974018955,220.82608562423258,52.96,318.75,0.0741,0.586
13.146470458309974,77.73967826062612,39.05881729080388,1.2796057439798965,1,430,15.106104225414361,0.808242928243732,0.5492653773934595,29.83638002341929,0.7418327137286597,17,7.851331751807087,122.78808608947506,100.12,511.56,0.0099,0.558
13.040446004697284,77.49986720354367,4.202941720654877,16.50245813835223,4,348,36.5101164588294,0.9424408567461076,0.7070375807941831,56.902692677696486,0.7369963117270224,22,6.95422586638349,308.6221445767917,6.0,60.09,0.5714,0.496
13.083229031118417,77.59576998545725,24.89098848999583,2.1922233797537674,1,649,41.98436423241298,0.9358430471701067,0.5600415444431137,17.656740030220192,0.17802032429227033,20,5.111545873118305,175.82280062453594,108.27,444.5,0.0092,0.723
12.808233797718321,77.48848377672785,2.647066408980849,13.623749296779186,2,174,43.26199147301674,0.7232018771807694,0.47025363465725123,10.492341250600548,0.8246812392279365,17,7.423257302463214,193.4216935134634,18.7,79.93,0.1015,0.564
13.187963940864798,77.79506720319866,4.070006969312372,7.615552768004599,3,753,16.48385991513614,0.6694334457355132,0.5104789882753258,21.90426064035588,0.27611863244345813,7,11.78775983520429,136.32438947243884,13.99,79.76,0.2001,0.713
13.132977056320168,77.77762373587464,45.41543521387614,8.055861789009247,4,933,42.75840716888203,0.6902086770145199,0.39383466336037326,51.01384298843273,0.9303666579015295,14,7.310889221345685,359.3977341669675,63.93,714.97,0.0616,0.563
12.88493564427131,77.41577072454741,7.823023184762163,9.118045579404201,2,267,3.005763274342924,0.9848315653740733,0.9395954262192423,20.466090802350852,0.36463999101378297,12,10.090034454826181,248.03328378482158,33.71,218.29,0.0576,0.515
12.87272998688284,77.68223006900628,27.088613431485637,15.289726328141032,2,870,3.4334130815262247,0.8412173842228712,0.6173945806327317,22.043903185274136,0.8576603970422565,12,13.878181149649986,271.6440633359201,96.49,812.79,0.0205,0.496
12.873361803941375,77.77009932696626,21.14368452743462,8.683149210381693,4,602,31.55244056353357,0.3743861333546771,0.2107275630976985,16.49494022684054,0.26623349451780143,15,11.937579203490753,270.8298049284564,85.01,636.13,0.0465,0.836
12.921696897183816,77.47223013805093,18.01982298668329,17.85207816357645,4,984,4.092212086661766,0.84489988474698,0.2155570067356373,45.77181016382702,0.5145269365822405,21,8.94629069906032,223.1479343624025,26.17,258.54,0.1472,0.759
13.009902572652894,77.62717809222106,45.09183393867635,10.304129868199002,2,454,16.905849256997914,0.4193766342287581,0.9783693079616333,13.458709525270859,0.10688529548906056,19,8.724689389121083,157.75897463144184,299.36,1180.52,0.0067,0.577
12.972778007456846,77.76619531903522,2.0693464419989853,2.5721236071290483,1,324,33.96504332609928,0.613145384303938,0.37716071309859606,26.560415116426082,0.660118902996174,12,9.557358140084848,323.53982454951995,5.56,49.76,0.1524,0.651
12.916491656079216,77.41357839143433,33.525694622603865,19.026476377134465,2,763,17.52607790665709,0.44732177052357397,0.8444866310514518,24.124936331048225,0.8360792751668383,19,6.770414410599064,138.1168796073023,118.59,499.97,0.0167,0.411
13.044741157888952,77.67896810689874,48.20632727646397,7.572441465632238,4,630,9.8003892905647,0.7827081458732608,0.2466202412484596,37.75798648950774,0.7184472813024161,1,11.340007674159882,131.16213708364316,86.05,734.77,0.046,0.686
12.855797544260817,77.51893960294902,28.448240989630253,10.95363823078304,2,245,14.78618047083824,0.9141168153351249,0.9369301893556392,46.52081325098678,0.5232585129386573,2,8.641528191046055,313.043511278951,53.88,526.95,0.0364,0.468
12.916857859414087,77.7697584781506,46.904300639621496,16.765209314103735,1,340,23.421191280271156,0.5032533197566766,0.8995336029333427,36.643821734837374,0.04511587860145949,14,13.523653492620436,162.65110613559514,111.34,936.14,0.0089,0.627
12.946544737317478,77.78842329806615,3.5606360850151644,8.646491614420377,3,983,24.293906912418638,0.3574075188457313,0.6568745299476118,56.55129964875338,0.9334410071708584,22,12.565526600578163,192.0318254058497,5.02,60.81,0.4983,0.457
12.982427993686814,77.77770659564537,21.520872634633907,2.3014700913744592,3,992,39.367011336012894,0.5089451686524743,0.20719892582660462,57.572131944366596,0.7054895485786347,18,11.1051316409216,242.56824010052208,24.75,339.05,0.1165,0.705
13.114070384557206,77.58968568666299,13.747731757140507,9.600184081294712,2,443,37.75750824214411,0.770653300552536,0.4062486992186701,28.07326642492577,0.745864238365333,12,8.642022226495161,234.80539501886386,35.35,257.15,0.055,0.614
12.879869512863344,77.74481706039572,36.81022728405576,22.72231740196898,1,848,23.384072423250625,0.530132089288115,0.5254581179187721,48.88401881374464,0.7946805755108072,4,7.099318316734844,312.5737375194998,57.05,558.53,0.0172,0.551
13.005693775365444,77.73781975941402,49.08355743436509,15.759891137866838,3,134,42.437700105839795,0.4946785172876624,0.5680512933980495,46.94006916340948,0.7477434259276107,21,12.76151864105623,287.0295380330083,80.56,1011.77,0.0368,0.548
13.036965827544817,77.5276401892973,13.569973059768143,16.44402041934576,2,801,6.597619790978396,0.4291046334089854,0.43814300684989765,54.64822958524137,0.44111616409833365,5,9.864090989910865,293.3188486845597,18.16,222.63,0.1044,0.692
12.818580165088,77.73156618966027,33.05455547222965,15.542489533665716,2,100,13.512314161216173,0.6482614988121034,0.22635829459642398,32.397182010385166,0.7336218292879468,13,7.247500381773575,314.2162991966372,68.15,596.46,0.0289,0.689
13.043017940760576,77.4148030538862,10.706784005227266,5.576819196067047,1,252,41.57084671161032,0.4931641797100313,0.6721019247412336,36.52365935988961,0.6250267878103289,3,6.951746150400062,187.7838182270396,23.5,147.98,0.0408,0.544
12.868209649474917,77.63850795139282,28.701182474008885,10.621678874352442,4,528,19.5217078926815,0.8117072443976381,0.6193237341558048,30.788715679078702,0.8540163336687865,21,6.6540090450135905,196.6999935401421,73.25,431.12,0.0539,0.496
12.826020637194112,77.49200353491509,23.732691847728475,18.27161536235632,2,607,49.07789638089827,0.3536356813945419,0.4264005083432622,52.51884596498528,0.8024598153373704,18,12.77161196205595,231.39932436866624,32.89,429.95,0.059,0.589
13.179554214901332,77.44822675431092,48.62826115194532,3.33157664372266,4,225,23.846410794863935,0.7648231231779222,0.23038077405568524,21.485115768106716,0.041374382467259885,22,7.289871853003117,192.23865191005783,151.44,839.7,0.0262,0.895
13.186252813229823,77.43078128065169,30.81783636212686,7.390613850063382,4,590,39.80484552522444,0.4662920101974389,0.9956753497775521,21.985453912122235,0.37888709033260526,6,10.266422635251974,395.48136069125906,125.97,1146.7,0.0315,0.488
13.123358939246584,77.67851551035126,18.12581223225412,7.355339494714633,3,581,20.713045027736225,0.6424954827361222,0.5855889494611248,28.63025517885399,0.034716152183894566,3,9.515463609730563,344.21557792642886,49.11,454.22,0.0599,0.755
12.921845507669348,77.53594998550723,6.590693459508735,10.936435334673638,4,444,21.822722434059088,0.5002629454218824,0.8048033934192618,21.51714160511756,0.10207492476609792,1,10.79610899228284,149.39640647680886,25.77,135.32,0.1494,0.647
12.839068845602554,77.6899067086115,8.411094608011794,23.548481041670257,1,837,19.761274216924992,0.805938073207557,0.5618512280410684,38.05034182074604,0.6014107220036113,6,13.771549003711943,101.67824676456085,16.99,144.63,0.0556,0.595
13.073693210604862,77.42614253631959,12.04052956761052,2.5525585737279046,3,320,36.23470540502978,0.9617149281761457,0.23453623269035317,16.724505324775116,0.8738218211622534,2,13.677473900817306,112.83498047418036,48.26,255.44,0.0609,0.644
12.976060997495841,77.52611613513224,13.297366405674602,12.930122870753685,3,822,27.82837631893973,0.9419537456288691,0.44768059606840005,26.009310970202765,0.11982475870926723,14,9.510760718248596,173.21903531287757,37.54,234.85,0.0778,0.785
12.848815293937912,77.61579651695014,42.68018683421575,5.12538768628084,3,124,47.24512745705009,0.7083983506008638,0.45608811280472095,55.6722349237795,0.4510892874668315,0,5.153662507347233,134.28738575105697,56.49,346.39,0.0522,0.682
12.998070764044508,77.71628926593559,28.49991662584372,23.325560544424114,2,627,13.293625510171132,0.6238272122798849,0.8706823232392129,30.461274009589797,0.9108789048064437,1,9.264438057143032,260.0014344677716,80.58,613.22,0.0245,0.378
12.813755408446088,77.52750100117284,26.646154657343956,3.6059806087316764,2,281,5.927573872088773,0.8728103566075671,0.7233839823998995,47.41168582467546,0.8143009836715878,9,11.061935374241404,357.3985668182076,45.92,568.29,0.0426,0.466
13.163728160831512,77.6503565505748,6.623674721591656,10.282823054316598,4,598,20.269812769861545,0.7783284538394108,0.4203439229115783,15.6731095853287,0.5196678964659299,15,10.577647590980618,321.0250662739682,30.69,234.27,0.1262,0.676
12.903511992640007,77.75439109929447,43.14684497412232,17.97135465119594,3,940,31.218922674692024,0.428494879951853,0.9741919637272689,22.378225407089232,0.771571439328831,14,11.513361058002054,164.68271892465714,172.03,968.94,0.0173,0.379
13.065008913741593,77.64634527527292,36.4179008572157,17.204751844631243,3,740,43.17914790885926,0.8746434495291002,0.4572334659182971,50.36728106001843,0.522693774044537,23,6.540757324730835,219.78977680773576,53.3,433.45,0.0552,0.66
12.924684430435764,77.49318378990145,4.315749733100078,10.722758648560442,1,141,17.963647447336054,0.600219072576297,0.9985872206629762,48.149646814484704,0.15809233728284877,14,11.465350987807327,252.3682628593833,8.06,83.38,0.1104,0.553
13.008027208471125,77.40976031262262,35.68391976425867,8.97005586291252,4,580,33.035550805098616,0.43228996197982256,0.9969309545362106,29.307795929691057,0.1247361132216791,13,6.826516187437722,343.0617548510006,109.47,869.51,0.0362,0.564
13.018684111737311,77.74803954956037,27.633372649789656,10.145084706716023,1,947,18.159735370137735,0.4972581452775447,0.35296841419739344,57.71984510167371,0.18836823206706976,21,12.50523980696749,351.7364809318494,33.79,543.65,0.0287,0.802
12.873941782210212,77.40850776434016,5.004541941592135,7.078354052648703,4,847,31.243759566728446,0.48726892117383963,0.4501928929507202,55.53215079172727,0.3509220949656795,13,8.3908761326268,372.91549357233276,6.62,83.14,0.5249,0.715
13.187833851105824,77.74988066907368,23.456731434904167,5.722657590256396,4,971,44.35558940450189,0.663444882222422,0.5888353587877233,58.11503745561199,0.9305292676740187,5,12.098954333814536,252.77357515086254,31.35,415.88,0.1236,0.485
13.110053129344445,77.61157485361089,24.750118069372302,12.109913043854469,2,538,12.336524470711042,0.46405906347451287,0.7312805369183129,31.395734509389268,0.7996784136536014,13,5.478655989061071,308.2824239307589,64.59,467.46,0.0305,0.468
13.175799576625675,77.77562707940515,9.122952468000513,7.176276389554968,2,501,20.80784046324492,0.3864965411811033,0.6224379592030395,19.87367918428415,0.4328015612263175,16,9.078600255909134,133.54011137018114,36.11,163.19,0.0539,0.621
13.15793094017106,77.71951329430946,47.33920920301384,7.611618292636752,1,645,49.66999462505758,0.3865835954296325,0.9755531753058055,41.33293195456705,0.493076709787574,17,12.050345222633327,269.58668798619465,102.24,1029.83,0.0097,0.462
13.039159991524434,77.79917364421333,42.64879320255243,16.10538945991481,4,444,43.55929438422358,0.7082933379973676,0.7791913313885532,44.238657913959926,0.26560945766641486,19,7.268705163314941,174.60754284134055,80.38,543.92,0.0492,0.609
13.168749694009247,77.54028472618069,33.782094529126304,23.27635862909752,3,992,28.667353036913898,0.814331502194565,0.36963587950637955,16.272089222526,0.7043529564721301,18,12.952870447972225,229.51506550798334,147.59,1002.14,0.0202,0.641
12.835397000820768,77.70687531557245,23.652482489029754,14.883655612865628,2,144,26.31475200085949,0.5250731061868386,0.28407804017091065,49.3241517147953,0.802765671462038,16,11.307797331049319,290.2151524920158,32.86,426.4,0.0591,0.646
12.878393144967658,77.5607723654437,21.176511537640916,2.7705277424942243,3,745,14.945418732929369,0.3242554968698119,0.7507210325674853,10.903010987998027,0.23890469566757655,15,10.875617721497983,177.09578135613432,160.28,703.39,0.0186,0.628
12.818090915564216,77.59195024812156,32.89769989039675,2.7384231186435404,1,120,26.34326195698294,0.3890574208559075,0.3267619521446104,34.13641937383917,0.04182162378646537,7,8.535488542043371,115.65551733902832,67.27,410.47,0.0146,0.857
12.930132132305307,77.65100218528735,27.72616160093837,22.882734079448017,2,733,42.56089341571741,0.94028619223594,0.8301414722686034,26.550812974744744,0.6238889431629704,6,9.824514703811175,103.07015692262725,88.66,424.7,0.0223,0.481
12.955470915875793,77.74947084567454,4.051382188212395,7.8376881770686735,2,169,34.573551150611245,0.6454805617126171,0.4488293338082696,47.01515299495421,0.5625121191353166,19,10.973493009778531,106.64786066335647,6.33,55.71,0.2729,0.652
12.908539612709559,77.79363338767972,26.112629789746254,3.117540679896935,4,963,15.212157380721342,0.6175009667306224,0.4615146104444852,25.6380363710908,0.4021311550288764,11,9.724621139148905,102.50492125413089,75.21,382.43,0.0525,0.695
13.13149500366077,77.70730936554581,40.513777244409134,14.778025504458776,1,972,10.871732131623114,0.3266344248170636,0.2086387139116096,51.34035563905164,0.6438939417732101,8,11.983133239405602,133.10651696736264,52.29,601.48,0.0188,0.723
12.942701330677435,77.56710671286693,23.502754002250946,15.34392190067612,4,147,13.995218312844626,0.8100459156218294,0.7608090136760326,39.74767443904052,0.5506132979851436,13,9.336969331069596,171.84661437103898,48.97,359.7,0.08,0.53
12.912373803874953,77.56854280091083,3.5458723001591523,15.915610862729828,2,590,9.3182008682485,0.6696476566524552,0.2906158024517487,49.694668088103604,0.2505815765941928,19,7.022731817420303,166.36645425468976,4.9,38.49,0.339,0.809
13.017078433263299,77.69503292063555,39.527631769817624,7.15024664072345,1,650,5.686394105162082,0.44145665526056455,0.8183044619708146,59.467031891981186,0.39772897562272236,0,7.139337828010472,396.03897825396905,56.2,653.16,0.0175,0.553
12.856369689989906,77.49551085830733,10.866825324662745,1.3475457369329258,2,386,21.537672547660694,0.37705163212674003,0.5934942575337654,43.95791728717784,0.4281135697472417,9,5.058037688429411,191.80183156268296,19.23,116.44,0.0989,0.634
13.120878792301616,77.44418964525256,13.6724209095139,23.195353497452853,1,109,6.551680615515117,0.5683715045423989,0.8274238519636554,59.247515818082206,0.8802479944755637,16,8.009577155586724,138.22623500781972,19.57,154.6,0.0486,0.405
12.829820257471908,77.54184886305632,9.070611318182499,6.770540050895358,2,641,9.423715328628113,0.886013374936518,0.667141231358193,11.441816346085268,0.9609041541289595,16,12.489176404785196,263.6687632503274,63.43,392.03,0.031,0.445
13.194754774640206,77.51489559666163,17.18053817870338,16.54860462520859,3,855,27.81890953263482,0.9057061914407172,0.2659466176151926,26.90699942419042,0.8930013623964971,16,12.941627088376094,357.3872366192525,43.41,480.91,0.0676,0.626
13.108897907718662,77.5185232481824,38.08082377874312,17.25248700721032,3,373,9.06536441127916,0.7219924662769455,0.8125218693641465,15.392663228115458,0.7191780240519796,3,7.0246754209575,303.41811303630254,208.74,1323.1,0.0143,0.459
12.879486272613669,77.49344310041997,26.44990711569293,15.03017059282817,4,699,4.130108604114239,0.8092754990610997,0.2558395879157998,23.115246569221977,0.5849927336058218,16,14.590439968714078,188.8246267406351,77.44,629.63,0.051,0.722
12.802208846849442,77.41683727585455,11.039182433384916,8.19687006691391,3,855,16.552053651366375,0.3806090511820092,0.5829613764554658,51.94439495628872,0.689261635465955,17,10.024027934801268,268.4848479374365,16.47,184.36,0.1717,0.56
13.126184571381934,77.40714957389338,44.01367382945,7.235213836573513,2,480,11.795635832476409,0.7116882458274983,0.3378793713159707,11.616163266304515,0.939109220732689,19,14.169787490185026,314.4567922601227,265.75,2016.45,0.0075,0.583
13.082742937539047,77.79508895589441,44.09951089262493,14.746370502162172,2,428,26.24995421172446,0.7668759924410271,0.801868142382308,36.00914678661968,0.24999873522383176,22,12.067652818616311,318.4313477103227,102.94,1078.5,0.0192,0.604
13.091602867216395,77.57110925349434,43.65834282725434,20.920199573068906,3,578,6.015987144577256,0.44049899003965454,0.9292729822449013,38.35643537661865,0.5351205076734049,1,12.22433423022413,299.96153658930666,100.03,1033.78,0.0297,0.468
13.108508138674377,77.55373065886387,12.701014357695424,22.774875765238097,4,114,37.83676859646593,0.9161083130371812,0.6433009306866194,38.057557333597806,0.6896080190004079,7,5.8504362130607115,361.2431274326854,26.46,233.61,0.1457,0.536
12.829617860693636,77.67185891307723,23.110727864868416,3.4358335012864254,3,615,45.40544245232179,0.4364977162647138,0.6217178354393444,33.764853691162784,0.6792470013242746,12,7.1999112689693066,361.0316375032313,53.83,490.3,0.0547,0.548
12.94338629141771,77.48730155514603,49.26449315090288,4.561058089747556,1,290,37.42832352385353,0.5194341518925153,0.8111705570604943,49.53014823848777,0.25227895957683644,22,5.088148332944726,273.680967822101,83.88,633.27,0.0118,0.6
12.846347623810052,77.77998447358009,38.82861133918953,22.72893395201083,1,267,27.10852483266832,0.7343897929164209,0.20406305038058178,16.677154475277558,0.5867315273897519,21,12.161276404767374,228.95691073336369,153.95,1059.67,0.0065,0.742
13.145241370350236,77.71453800576622,2.331203640052431,17.94031025170023,1,620,43.17272326765537,0.7468450455915114,0.9342069141081286,25.52885077753937,0.7959131424201564,19,8.4443828842851,292.47108866952993,8.04,58.88,0.1106,0.388
13.049319250731022,77.43576440092491,4.195024971764111,21.30885797108478,3,720,35.051000609293865,0.789569318691157,0.35795905367290537,40.786302672258635,0.47507898005024385,21,12.866525160763468,345.46360041113894,7.28,95.89,0.3623,0.714
12.93235920994106,77.56703231031398,23.732637463804306,5.660550585112893,3,236,1.517005000059303,0.37840819914774393,0.9872951070609899,44.54756831339779,0.793298076698735,14,8.389362199370263,101.69563145235541,47.74,280.02,0.0616,0.367
12.82542334011441,77.75164732302487,45.551790087216446,14.514475035516243,3,253,20.31041748595065,0.8946251009499886,0.7890031583683699,30.207421588852814,0.3598825977545548,19,13.19333752298861,397.59910270445533,126.17,1437.06,0.0236,0.576
12.924392928686265,77.77789280891656,27.396388099682998,17.126210671601893,1,487,42.696643070933206,0.6729929925982818,0.8194009181605368,53.76856316636166,0.9387601271637589,22,6.30698253748313,154.86813169875978,43.1,284.04,0.0227,0.391
12.9300733288107,77.58696060449995,25.392812893680222,16.64257336528037,4,308,17.947084040788194,0.6299252558735478,0.7249623842988853,30.774669834795716,0.533928440499101,8,6.733731567575082,241.07469569799287,67.45,442.0,0.0584,0.55
13.091842471335225,77.64536455568428,6.168211297874898,10.387488889934057,2,371,2.725543502750652,0.9867683371594567,0.5773305462281282,30.138806717416657,0.5959479507926143,2,8.408765395839364,361.60892045286,15.82,147.21,0.1189,0.59
13.055022988542085,77.46681357843683,33.182225131490405,1.354082508900095,3,242,37.562802289061345,0.8182648078587138,0.6573021546889324,11.810363074369247,0.0313615688045884,2,9.084873888822733,167.5121197132598,223.98,926.78,0.0133,0.728
13.15488509703053,77.79646745045478,41.283054869411046,14.407299306498052,4,710,40.29987524386056,0.3826042186335624,0.23712230881210053,37.557066809736696,0.17026913712859426,1,8.487028108429783,243.03856717011496,73.77,649.19,0.0535,0.854
12.98888597006478,77.49266868055338,19.640580367870555,6.821335401131002,2,988,8.86909105712212,0.8295774170583685,0.6991676075456115,45.43404192559525,0.6329338804710447,0,12.6364703252322,139.77465405435376,35.0,329.72,0.0556,0.53
12.84783769837532,77.77709270965404,39.00498069534105,11.355847661286477,2,919,27.32968434531588,0.3666742537810086,0.7008784815896374,15.721908175842405,0.41987037178227127,13,5.9695139262671475,218.52289761645778,201.02,964.97,0.0099,0.594
13.085297914889198,77.65985865959695,48.25935604113977,23.0243633469278,2,168,10.405816510790562,0.3192293937590894,0.9129606379214477,25.27163830439354,0.5081637904581747,16,8.512170196384881,153.14063643790075,166.88,836.73,0.0119,0.482
13.10431401944676,77.64309471795154,10.984556497256765,10.177812305775998,4,346,36.24248653316319,0.582538126688928,0.6045250859441755,49.06284768914261,0.06297140873370044,12,13.372399995154593,209.08832463134712,17.49,207.84,0.2163,0.739
13.0245108790278,77.6050754044066,26.643151928542324,20.315436953281814,4,360,14.305972303696798,0.9955047209734531,0.26171549926884885,28.295971770678772,0.8341352384103843,18,5.66797077262172,212.03926503781662,63.89,376.8,0.0616,0.645
13.108386871981825,77.49226792468711,15.0697599461442,5.336433932232776,1,887,16.494541005603175,0.42241875533640383,0.444956736385665,22.080123102001995,0.7845056022962172,22,14.423435076713574,397.9512368794998,50.06,549.38,0.0196,0.587
12.997518238545757,77.47061121280221,39.849866532658126,16.466591454575664,4,178,42.40357182836497,0.770851040468753,0.7245035296914539,43.61003317825561,0.18535397572184953,14,14.863168422720129,398.44390879113166,74.69,1088.29,0.0528,0.655
13.009093131752797,77.48819448362808,29.30207492817672,23.4711599520957,4,757,24.339795258138313,0.42137724634428353,0.39140709020117115,19.83793888358278,0.6343293572573794,13,5.885681738250801,134.43588359818372,105.97,409.9,0.0374,0.653
12.97101640734342,77.47457530485771,32.09453845996488,3.3435413200775463,4,722,33.81796810969414,0.8073508824708702,0.4244222574843208,54.78264597915884,0.8183152116542717,1,7.91272522255737,317.79063379850413,42.61,479.64,0.0917,0.585
12.81016765069764,77.7118337894267,40.09779382117881,1.1913586712254163,2,869,20.716279485400914,0.6537475677664782,0.8563752130886828,15.279919801307049,0.6408541364156,6,8.724006660353561,115.52364390073035,224.87,782.78,0.0089,0.465
12.843156570797323,77.5400501036667,20.40255316046029,10.97240423055013,3,704,15.602336002494015,0.7759801970625634,0.6674557854101673,45.32749011414135,0.31039809529584483,16,12.76391368652726,109.05760460115658,36.02,325.89,0.081,0.64
12.812571674274695,77.42313707062536,45.83941335194512,3.1303861101814454,1,624,31.648424960808406,0.4420112231399642,0.606821945418858,34.977435064318755,0.6561111504781671,17,10.959268121167337,131.6001682734893,102.49,727.16,0.0097,0.56
13.054564164505512,77.78764105205632,27.118414495060858,18.21284004255332,3,871,8.588021129862243,0.8219398327643515,0.4547615734446435,53.49647811984968,0.21046174768321224,5,11.443657004925674,389.6456971023802,37.33,552.76,0.0783,0.755
12.92574239243053,77.75351435398537,8.739786318932053,22.034619268516856,3,720,19.276991942776288,0.9969333417358945,0.7847424287464266,16.30975455131183,0.31825499727942086,20,12.575098228185059,382.2590643684092,44.77,395.13,0.0655,0.591
13.00342827646588,77.77110091327808,35.09905679027132,10.982482372301453,4,429,11.242814831910191,0.7659553504381718,0.43017474759202345,43.89474592480439,0.24006965310717865,7,6.179789994370257,158.17834608420412,58.3,370.6,0.0675,0.756
13.163026589570437,77.79796312905857,39.869806171474465,6.950367769575142,1,288,35.09395338009653,0.6454359986510143,0.7896508141153402,38.602731959069075,0.5569251023902065,1,13.332094569102624,148.50170066611346,86.44,745.49,0.0114,0.517
12.89971689165955,77.4695580996878,16.521322176308807,10.991276337152025,3,194,47.266233078959274,0.9462217920334852,0.25608118421395365,34.00450711200232,0.1082266467655486,0,12.05619804180144,172.1605259547841,32.88,293.53,0.0885,0.865
12.964153169214253,77.55849680756107,43.00178359293889,17.639299810550025,3,716,49.780037432777455,0.3110962895623134,0.891633073265667,34.57036317163342,0.9333103803483387,15,10.773417251963703,254.66409822254263,107.91,921.29,0.0275,0.363
13.10222045541722,77.70329539028164,45.40101948352255,1.2082457163485325,1,107,23.063563711637947,0.8109464635000747,0.5996531707007462,46.09884808992654,0.3335123536628668,6,13.897353347830567,270.91138961062296,76.81,977.77,0.0129,0.66
12.89151926619665,77.67840824722151,14.568319881512638,14.557441758148036,4,166,13.373989092185779,0.9221225617696689,0.550806413359176,56.88708274674111,0.21897012710580133,21,12.00306353883807,166.4780291318342,19.6,229.25,0.1942,0.714
12.830791963931517,77.46155836253595,49.19255216304588,15.105708752409718,3,595,22.698639148831884,0.34317220853467023,0.6888187292335397,14.562582955952404,0.49654981360183126,23,7.016999626310254,326.9868364269836,272.49,1830.19,0.011,0.576
12.915900581165507,77.72633324999624,7.894864874389162,15.666829678606517,2,290,42.51620108817347,0.6150449192910308,0.6993536583170163,10.975132380526011,0.27699781845471605,10,9.297453810756668,192.86595082079523,58.25,260.64,0.0338,0.637
12.864488514901602,77.48977622873467,10.898767751722009,6.566507839560176,3,465,11.094278249049955,0.4433036177649992,0.30562814151199647,50.285239624060175,0.5349040863826443,14,9.940428669357333,376.6393976588231,14.99,202.44,0.1876,0.717
13.171879060937028,77.48952704592905,10.027017122663281,17.423212637696917,2,867,47.65268693099326,0.696562715911481,0.8049868718529707,15.408469377537966,0.34850914978208547,12,5.5521762675040565,297.01681193701916,54.76,326.75,0.0359,0.573
13.123248151825766,77.61478976915737,44.80549579038565,3.1020041856308573,4,620,17.7514226711094,0.7546800710225623,0.4207426383600503,59.33483980402119,0.1320668107690408,23,14.546375133600558,230.9053582910835,54.84,862.81,0.0716,0.792
13.053361502604169,77.63717597393668,33.060335063923134,5.583217738736419,3,216,49.30437931306494,0.5118362280501285,0.9239695041359313,40.96741244794186,0.265895242027262,1,6.285772607968784,336.9736005108536,70.79,605.38,0.0418,0.551
13.148584236075086,77.63203448313513,8.453109877891372,21.181811073053083,1,366,42.09183548916415,0.6219871687746705,0.8542805307318659,42.543319762707036,0.4384398449615252,13,11.974612672267268,345.3743878139994,17.01,199.14,0.0555,0.527
13.121468830759646,77.4365947349591,22.5758475000491,17.990632466711027,1,710,40.61995617322213,0.49553763969359166,0.4770128332277988,19.94458514690087,0.030293226479625623,23,10.062310360908802,187.14448168268308,84.11,489.51,0.0117,0.8
12.874628023554415,77.75098434505215,31.1496032284203,1.3161477422609407,3,584,16.577329014890893,0.5585738151185796,0.8461914345605717,22.015615514833723,0.770642527014762,5,5.256322498844225,201.9143631508253,120.81,570.29,0.0246,0.43
13.157023599395991,77.50624001703548,5.089740164479782,6.712653988505405,4,608,1.4300833854485437,0.4116779696818965,0.48511239943992335,42.967515154962506,0.6218245645904158,8,14.247474758643616,380.78654611858104,8.83,128.56,0.4069,0.619
13.01573689676626,77.45180596851313,44.238402051959596,5.9313491088427845,4,397,19.724512532473405,0.919891610509942,0.28075814530883253,55.486341896709845,0.6013596072783542,6,13.518368088189332,149.42231150898158,54.55,733.88,0.072,0.707
13.122976062065625,77.7554992319476,40.376573236635224,7.22854554485037,1,263,15.78865911347199,0.3070072873913955,0.9695105909805664,59.11952772587833,0.546049931882766,17,10.242579279038356,112.64512508888026,60.84,527.78,0.0162,0.448
13.158436519969397,77.7822605992919,25.755131905255272,6.693874716437387,3,475,2.8324525300310675,0.917686430510652,0.7220816121723521,19.90154733155468,0.5903131723250685,23,7.289423361394452,236.21659678286474,105.68,603.8,0.0281,0.534
12.927201389988745,77.74485104690618,48.38920414769935,2.438104802085452,4,752,25.762897568790553,0.7001752148448169,0.5648796213300733,16.70598113548951,0.9346519527072206,8,6.216228906800943,340.3629700730887,222.88,1565.13,0.0179,0.494
12.84402076981107,77.72380642988995,21.470287984479885,11.555631881726868,1,367,20.748534252854093,0.5321604909239122,0.5182186812248317,12.820067888039524,0.00856921081074069,22,8.633924794321267,331.5004318932238,126.52,884.4,0.0078,0.79
12.891174065016777,77.66209679225561,49.22140563278839,17.852869920081798,2,648,32.09326691933471,0.8061399878222308,0.4597642674066112,53.41485090806639,0.04779970965774927,3,7.554282810460905,375.85918867384976,68.0,797.81,0.029,0.802
12.970843115450503,77.62034294824366,33.72807994137773,14.954829668501038,3,173,31.43812978751008,0.655426506303865,0.9851580763433034,24.735742342823436,0.19149340993080233,8,10.066912010062987,259.960199310712,122.11,868.6,0.0244,0.548
13.127205906368998,77.43479470396457,32.09889238944314,16.476048377755834,2,607,6.916585158937325,0.6493760606753245,0.30779781210472595,10.090601693462583,0.1673013799931501,3,14.664092961234289,130.01940146996,220.24,947.96,0.009,0.827
13.144292233302536,77.56338128522829,9.131789869493465,2.8664311063335006,2,172,48.871311760204506,0.3770995980432765,0.45184404713645465,21.190904302821444,0.18119445946918267,11,10.749534932296413,276.60669230080487,31.7,244.3,0.0612,0.765
12.802780852212477,77.54907540680493,44.21446015692756,22.884286334066108,4,407,10.1596400426309,0.5726612181617861,0.5883981122261308,27.022054004970922,0.6719438858486502,3,13.899310558900979,333.51868430596346,127.06,1320.83,0.0312,0.563
13.004298921031026,77.50390151350413,21.946994708110143,20.28531217838957,4,298,22.818427213470525,0.4687450420997156,0.5823996360434491,59.54930847483426,0.4594833010501653,23,11.508788374957772,127.99843608094793,28.55,313.49,0.1354,0.629
12.966964401259512,77.68936804547543,8.949436883341487,19.51707732540024,4,229,24.917759628253012,0.31098713391739574,0.5770931875262748,36.17707969285408,0.9917788783346931,19,9.752465265872004,151.7972203292769,19.13,135.68,0.1987,0.472
12.888843124188293,77.5983502940315,1.6177684788121929,19.928627515960653,3,857,40.84007706349188,0.5520697415474793,0.3406270526643055,20.235697379755067,0.22688591480294484,13,13.546075627333712,103.68719834670127,5.61,31.61,0.4539,0.796
12.847946146933474,77.43241848636306,28.428028498280746,22.45234168705351,2,923,5.8622502086376915,0.3628754905979233,0.31594602168760044,26.740917235672555,0.31083010102749464,23,9.713681101729975,278.09577383404314,73.86,618.48,0.0267,0.78
12.935046068561451,77.48807328077993,26.84258148401114,13.517841220615047,3,671,22.003569681218057,0.47978102640762965,0.4038140690628961,26.515384377843922,0.984240716801649,23,13.68628170510361,366.0203175837713,73.0,812.7,0.0405,0.543
13.177163881565008,77.67330350546383,36.24832749608877,5.606486410955395,4,890,31.79660634157399,0.3647616348281661,0.9316209230416448,10.986287323158773,0.831758140802247,6,7.915767695757653,301.19899480062986,290.18,1743.63,0.0137,0.378
12.929281172808302,77.43045234379612,44.6226445978723,15.186022980608447,2,714,11.542625459578723,0.3706591378894792,0.2904423742676081,16.759152708571502,0.46979922067853275,12,6.288130737629881,394.6120262772946,182.95,1483.83,0.0109,0.743
13.007516248697346,77.7404827656195,4.890922647508447,18.086274354362597,3,907,31.745927039537566,0.43930790609063175,0.8059400826986598,44.75982298516056,0.5545968855459897,21,13.553144643629384,118.91009574992847,9.2,84.52,0.2941,0.511
13.08120758355807,77.5980586108056,36.84332802667775,17.972100047142582,3,931,46.25957703993298,0.99989447114048,0.8060387145066972,16.012549328536732,0.8431779206528405,7,10.874151637926667,370.9003255454489,193.69,1597.97,0.0154,0.425
12.945451840951717,77.59223463093066,10.183185260781528,12.993327555838242,1,586,49.878388427461076,0.30152890000007415,0.84781632311781,21.53671383030594,0.48098024604632805,22,13.890923982489602,344.22048621600425,40.4,373.23,0.0242,0.517
13.188712833088383,77.63696311386381,43.050675604701034,2.574550544672295,3,952,2.59010276274311,0.7470708452842836,0.9092923911914845,27.53686492021544,0.20602372358208432,4,14.378272069923831,194.27245614985148,136.45,1060.8,0.0218,0.574
13.184978917976844,77.72987238637006,41.13411217922115,9.53559758389294,4,250,12.543823183989199,0.39887058861859015,0.4104289420311442,47.88674722511469,0.8284445385543855,11,5.536283903714492,392.0579655511755,62.12,633.64,0.0634,0.587
12.900712918330147,77.53912368316088,27.498893994291674,22.17763199465722,3,768,16.205048673793176,0.9444396956975429,0.3796475754151171,39.120048243396994,0.5377724912756434,12,10.009693018588683,186.38132445142452,50.18,431.13,0.0586,0.687
12.998899402356955,77.67120646102363,35.801897132542265,14.442324924420799,2,305,20.557178921803338,0.36554302533354044,0.5724045332219838,44.449999249428416,0.1530425971638213,19,8.749645490745293,366.79141714846554,62.16,693.25,0.0317,0.725
12.920351323926708,77.62629278559832,16.40315554600367,13.38163469488141,3,278,12.870600721653602,0.9685442309883654,0.41207133500162896,38.35061627100861,0.5055858311843976,13,11.25858397070117,364.2245731222568,30.95,372.56,0.0939,0.683
12.913936197750987,77.50681130806777,24.087227047707916,7.183630830790451,1,296,10.970911733210313,0.7276484712384346,0.787447991186486,44.17962126109345,0.4132033805968588,17,12.935911972023234,327.29728498089173,45.59,560.28,0.0215,0.561
12.814754778941813,77.75145199454207,41.26020798781311,9.474325158081315,2,834,47.773138278457495,0.30088765384084315,0.708751661393147,10.142107683198622,0.876842531881758,23,7.80590215974369,269.04114214385555,330.59,1804.44,0.006,0.453
13.043825733591959,77.71897040864278,23.503994661487482,21.592960050522894,2,188,46.00755853575537,0.9258050385417642,0.8999901504421213,56.544907218571474,0.1260554313607034,19,10.567983843731717,136.00082488506644,36.16,330.35,0.0538,0.602
13.001071609291545,77.66338073386338,18.532115000946646,16.328650093117222,1,898,3.302632549152756,0.6651982609568428,0.26619064278965726,15.546011543740326,0.8752098044480255,3,12.087285799048995,259.5915203489495,81.04,574.62,0.0122,0.631
12.820591500499996,77.7402326916377,25.216409915264695,19.109901615303656,4,533,17.60183805863756,0.48386881473133914,0.9320666666864599,30.31245479884524,0.5122110168102847,20,6.34431082835734,207.03887669648037,73.17,412.46,0.0539,0.474
12.911458585694644,77.74691768038392,41.5842133694237,11.449944730556068,2,887,20.852279130241925,0.837095424260941,0.4346789013360717,48.551918512242736,0.40436442998114763,17,13.140669059512668,337.6651099466055,62.56,898.52,0.0315,0.705
13.16330635438666,77.68334519068601,17.425194321172764,15.495686047491631,4,847,12.711712198631224,0.948665887720809,0.5925554767415873,31.761535900471195,0.16196718440294033,6,11.06109599852973,327.43876194905346,42.67,425.61,0.0916,0.714
12.895824756266789,77.73480533134547,9.514318063651446,6.712823001093773,2,282,31.8147719524206,0.6385835762027556,0.5508891487517149,57.34212758337579,0.7008179626386793,14,14.495374371136517,373.18375221178155,12.7,216.9,0.146,0.569
12.85795794883649,77.6789885846677,35.88868699620826,17.225599096520185,2,308,32.37865658556781,0.5208874321101776,0.8082493208835391,33.379447424938334,0.9268067091100405,20,8.395289191306933,104.44904872951236,90.58,458.98,0.0218,0.399
12.995781104111025,77.67205630870411,41.47293242269601,10.834830675176757,4,592,42.67470718810126,0.8522615867544487,0.536266647545474,53.74697028013357,0.3753773538993198,5,6.081459423371987,342.73096504691387,58.71,587.58,0.067,0.673
13.194260181644239,77.64744455128607,5.931236447653133,11.178546840739148,2,229,37.30259415087567,0.7772498484519181,0.9548425165195276,50.54140566811355,0.24158500067083344,15,10.065012010369253,381.53861593740066,10.4,125.83,0.1754,0.546
12.896822108604601,77.70108665582306,12.753831525041292,15.934413465268278,4,764,27.586093021331827,0.9221267386251906,0.9220271061108605,59.04931513993416,0.554866916999157,19,5.858107717094389,336.79013473244504,18.93,180.97,0.2007,0.465
13.06885421896235,77.46344204211724,7.956627498288701,22.534454293785313,1,112,33.02575173217657,0.784759808932835,0.8977289215756052,56.32738903754877,0.7961859484338702,23,14.695265233240068,139.05833796111,12.28,145.39,0.0753,0.402
13.104647846131487,77.75234830367957,18.049129167526164,2.4721459719982812,4,733,14.425450295607886,0.4704698372296754,0.25700666611858236,54.90619173564394,0.0037676945505330517,7,5.386849582571916,124.38373145226632,22.26,143.37,0.172,0.896
12.89505501759696,77.74873741109809,23.06719796636522,19.969094458981175,1,970,30.059753308400524,0.9521614748313132,0.8834064492431517,46.58021702597342,0.6313774363954292,20,12.535039011073081,106.25357194231024,42.84,365.01,0.0228,0.457
13.091286539444743,77.41169891321383,37.69249051120202,7.7248115394804415,2,831,24.972135482746044,0.3733850230441939,0.8253083563545685,28.349907363411038,0.5965160006986309,15,10.25102398142244,288.6235677484213,112.69,928.47,0.0176,0.491
12.947113253087702,77.7303267002259,32.906231659202035,11.21014745364669,4,205,7.53387889850215,0.4875599250747935,0.2828103576049048,15.306270928245121,0.31815218580416005,21,8.686206524982886,288.9017955579662,147.23,994.75,0.027,0.791
13.052922332237431,77.45154794698938,31.425499806443128,1.5040065618252059,2,474,12.884669552565565,0.6641362254067199,0.28593146034897754,44.4322526132195,0.45142300360497034,15,5.6584216450865465,396.07411426546366,48.5,497.98,0.0404,0.75
13.053411884304358,77.53404754170366,18.266372383873065,7.9240597901892,4,681,15.292979085357716,0.6960194182496309,0.28093104921403295,58.932704066898246,0.24696322416182093,2,11.221669241736077,219.4129522312287,21.21,282.54,0.1801,0.814
13.014309873629903,77.69740330251665,42.230930101153234,12.560518580493001,1,806,46.29116878557534,0.3107174106388338,0.20906607456359005,46.33022186659345,0.7898857379518428,16,10.852203293909552,199.57188546924903,60.41,659.23,0.0163,0.679
12.836115908021764,77.46430395841932,24.093071202510064,2.2920497789910974,1,797,12.288945329908582,0.846400908074658,0.6389074441556668,56.436468463866774,0.6345349333661077,8,7.808832730675998,287.32747815531775,33.8,350.0,0.0287,0.554
13.134120998235694,77.72718680964762,48.976141962742574,12.295201775812798,4,198,15.17295123816374,0.5531251228977727,0.9787154331488346,50.215235647775835,0.5327116220389853,2,14.102217014103122,347.6826017522782,87.16,1195.74,0.0454,0.449
12.928312025988694,77.7328536711831,32.072964776491105,22.32354446374383,1,693,19.098352374382184,0.5844929787014964,0.5509477623198349,18.15573375583394,0.3925261984178272,19,8.04110007342837,381.0321848569006,135.19,1116.43,0.0073,0.662
12.874607404159942,77.60298709350434,7.186972336660634,3.4240440164795203,2,686,33.52339419264396,0.8665586811058619,0.6326060015098851,22.460188529564363,0.29138438602073213,6,9.497254105921062,340.9372498537116,25.27,211.85,0.0761,0.66
12.816310056621907,77.40255434868673,34.132700541696266,18.582136745736598,2,985,6.793681231134886,0.5654983742092812,0.9743758374159646,27.093280088117517,0.8227364860434314,17,10.437624559186556,228.00219418474143,112.42,783.46,0.0176,0.363
13.036357177275297,77.51481525326997,16.930096756153247,10.42243422764783,3,951,47.743315412195024,0.33305741354632834,0.4041457830193846,18.413022216900206,0.451407670433569,11,6.002318781762861,290.4742705936193,66.32,422.69,0.0446,0.703
13.071025744736913,77.6467707673503,34.630032637618775,16.068995434059772,1,291,43.41298978464346,0.4235078393292452,0.8867762020786103,39.08256663365034,0.5014474198416727,18,14.321617192136323,356.8897980148351,76.74,952.42,0.0129,0.495
12.806635131571143,77.79247447121097,4.412416259957881,6.985441753660275,2,424,29.28358757743856,0.9691322206717277,0.6371123737693889,58.772526206747564,0.5208287305407416,15,8.745361524510411,247.18290649352184,5.94,63.06,0.2882,0.589
13.004837223319713,77.65272541080667,9.56919042162201,4.66832203845124,4,825,34.02785550382288,0.3492837536817599,0.6555812117304086,48.07294167180793,0.44836693543157646,21,5.807792138743436,165.0059931116178,15.86,99.19,0.2372,0.603
12.890598310079175,77.50392143242567,42.93112568638353,4.690640128238208,1,926,1.8163630909665835,0.5484518406776113,0.4745390857658269,31.169337453373092,0.25608842623842376,23,8.872911736753299,150.91703192436188,102.25,638.11,0.0097,0.733
13.05806911616378,77.65360228123984,12.13179829415223,2.621314749792327,2,566,17.608293992073985,0.6522254169359412,0.6492674887735266,10.225224049014432,0.12034044024305202,16,11.002025470925807,100.04732337341702,94.3,290.72,0.021,0.704
12.869746571601997,77.61599415188634,42.01501513690406,5.269874212728589,1,993,39.98735130241066,0.645296579136992,0.25851400758262716,25.663800556908935,0.0985372671677407,19,10.136526718213297,315.4713984943853,110.92,1009.09,0.0089,0.867
13.076375095240985,77.71193815806046,14.684528334266112,16.27704585474627,4,466,4.796665715826909,0.30277196010849994,0.8117148580912898,36.337964384610764,0.7574625233406886,14,11.94541974037274,133.32916265379714,34.09,251.17,0.114,0.448
12.954694138520216,77.44279225553079,32.501213592876674,21.278884072400686,2,417,14.83337787632529,0.6508139120202432,0.42775020923541734,26.21254369259853,0.22352782230151136,0,5.554839420679106,173.15172990878213,90.31,441.16,0.0219,0.762
13.174691995494694,77.7044111610008,35.01337810198172,19.724890768596723,3,243,29.679544588381255,0.5686407205841864,0.9100866635951641,15.551746151192976,0.05567281495397558,1,7.8454061027205615,189.36289945683802,196.55,895.02,0.0152,0.619
12.855008377658399,77.61650663147044,26.120082904107594,16.758089127113134,3,483,13.564238357248149,0.98045553483219,0.4942805556859668,32.13824784309473,0.797517406695886,7,13.192305768401022,268.1139580410305,60.82,616.36,0.0485,0.563
12.936426540420104,77.78519680154359,15.960223158139833,3.5399328584553613,1,315,46.76492073308144,0.41141135879568086,0.3142592883895061,22.66264084828581,0.154061652860648,21,5.798936877913609,219.38718318873077,48.89,271.32,0.02,0.828
12.845389408496237,77.53674886641548,11.419574442183709,7.651311264806846,4,460,7.421872909410228,0.5479079377316465,0.7567052594947881,55.46161882307507,0.625146091733354,1,13.554859546959575,302.40219760694856,17.03,240.62,0.2219,0.51
13.169877447311425,77.65304875725359,2.626278373558885,8.125558132416787,2,423,40.07232353748115,0.5936370395628738,0.3316625157708023,15.087726425050787,0.3386432714478632,18,5.918960920771062,116.69159779861081,12.18,39.23,0.1517,0.766
13.150935741352392,77.772811242204,15.893373660795467,6.749009767145289,4,114,25.889485903414002,0.5734854759706641,0.8029444124343923,12.45763143623552,0.12648025669130947,8,13.344542148916963,137.18175827933183,107.28,457.37,0.0369,0.641
12.903176651086062,77.44100389119627,33.004976736032866,12.845130173323632,2,316,37.766208015177845,0.7660815793563037,0.9744897891248934,10.265708457743102,0.4144809792543599,8,8.607884010787267,249.76345105998,286.9,1478.39,0.0069,0.486
13.063993618413672,77.77489139489458,46.97693610397565,13.317737742232469,1,591,16.225051087260923,0.45085900028343817,0.8236422950362094,26.403484224282888,0.01480886113262514,12,11.122090632572158,201.08943635404893,150.71,1027.58,0.0066,0.666
13.126888880080486,77.67515428892033,43.68901963088955,9.208377428935535,2,646,26.2099905132899,0.45475008696979424,0.21795939874505976,43.01934191004443,0.8410449825125603,5,6.5288711564799815,188.74400882540792,67.57,497.8,0.0292,0.661
13.022080324639784,77.42713482364208,38.53717405022983,9.137150650938029,4,282,42.98493213643564,0.8104476639505971,0.6799086304422197,46.520687644089634,0.5134979613418572,14,5.661687217251808,120.10842371125682,66.6,351.51,0.0592,0.574
13.011860231342403,77.52038542677873,39.63391981941164,20.05677875183987,4,369,23.877026857032117,0.6502033630747257,0.7563285367757795,32.663084169086154,0.13916001090796182,18,7.159382040201351,368.7157524244004,100.34,900.37,0.0395,0.656
12.896740916360182,77.68326883545811,33.58426027032377,19.153735511352767,1,566,18.62627323360321,0.5906089732401172,0.8603666606370282,44.216432522763334,0.2369803183889847,20,6.278538179086955,307.54557583751523,65.18,544.96,0.0151,0.585
12.83724110712236,77.42694024058751,13.754056020734147,8.07930412865715,4,969,27.271613926384067,0.4184421361740762,0.24480184715120012,27.99570181076817,0.44797519213852666,14,8.124058976796318,136.48544704589483,33.09,187.01,0.1173,0.768
13.15888630318133,77.6328681840705,45.452556504585665,22.017134209084965,2,711,36.150774898781975,0.4312690560385166,0.584086262361829,43.39031099933084,0.18886938281554866,17,10.1438324651102,119.51378732114219,81.21,622.83,0.0243,0.71
13.160167222865331,77.53835322278118,33.86588328338587,22.91474539105764,1,618,22.734603929426633,0.3073861457711304,0.6282966981107154,12.02979926511867,0.26859916150108587,6,10.887594635650096,392.4617600293729,221.97,1820.63,0.0045,0.668
13.053240582909307,77.64836620710699,28.46159091804156,8.51507846669094,2,641,47.00497178197138,0.36399838820319647,0.33529989011534245,29.537649228350208,0.5343855642352632,10,12.898681073797428,304.3517651318515,67.51,709.56,0.0292,0.706
12.93561191641948,77.418296813525,6.438483991460573,9.151773822240262,4,566,15.45234537807476,0.6897870862831688,0.4579598477685197,49.54248388165896,0.8326090130383855,7,11.562398932483585,225.23682132812246,9.58,110.41,0.3781,0.567
12.939683829845064,77.74861472246094,22.905721646514845,12.629585528705054,1,404,24.297716702286902,0.9243111910058868,0.5521773810049322,50.150301522950066,0.4018396856899208,5,11.08758325129553,310.51931222673545,34.97,434.95,0.0278,0.659
13.090382271548096,77.78939558767095,23.557555288894388,22.64577868827449,2,243,38.08945530773063,0.5010153355913902,0.8665677503662412,45.80743894378473,0.7169752735535483,7,9.117820274857745,326.8995359440477,44.23,455.77,0.0442,0.438
13.15884410398103,77.78755114211427,43.363616866610826,21.155346962273164,4,210,34.76693343429215,0.5294230581272896,0.9435260528561655,20.21193102849322,0.8766842134606484,1,9.738084349601387,333.98866071663383,189.46,1476.9,0.021,0.36
13.154834569706047,77.69986073269718,27.785762789201634,3.3590631394225654,4,331,43.31841156844065,0.38092392742805853,0.7027382631341383,22.360255946531662,0.21630094029616198,18,9.14520829390181,243.3631916959173,100.76,662.79,0.0393,0.654
13.111950218343049,77.45203449605226,19.639626899550073,10.032807095242573,3,790,49.84364985337434,0.572041661924972,0.5159561488171698,59.80443636322561,0.8071919704021601,15,13.421660300613832,228.9648274374544,24.79,358.2,0.1163,0.551
13.056812658461714,77.7033052783716,48.86321609702231,13.727537364244752,4,683,21.916058110959387,0.3260551931985304,0.40322481423918877,15.168900360097995,0.7574021983310274,6,7.300004525483999,103.30842528067011,232.24,756.57,0.0171,0.611
12.83365598599802,77.40983476658353,6.425309072989468,12.57204686868542,2,821,6.44639310938228,0.9423204873833302,0.9857081475489204,19.03313494512047,0.356937297948135,9,5.057209315419646,377.96713454255143,30.24,222.99,0.064,0.499
12.864651485637847,77.4088494206116,21.704872987285285,5.458850562548531,1,831,2.490378159590431,0.77117794368717,0.9864159984610867,16.50131278250663,0.9895199595008671,11,11.513198972262392,280.99236351668293,117.84,801.76,0.0084,0.309
13.159421675410831,77.52944408765983,3.0592090833988594,20.75278573686756,3,691,36.61696840084881,0.9935241665752532,0.9399815585880278,26.38274818418078,0.262572371435957,16,7.024621836388314,160.94618115699043,10.23,48.93,0.2671,0.545
13.042571623863836,77.59545727616187,37.25530191757959,16.569638008927257,4,599,43.826669894127065,0.9179762138749454,0.8285353199022554,20.508791761696166,0.25480326603169556,6,13.901151363098093,375.88102582643097,154.15,1483.59,0.0258,0.592
12.803678820646653,77.70816296712312,45.98575105775838,20.271892621591483,4,694,11.814916711276515,0.6310934155887069,0.4606236349964946,34.8843979773886,0.7722591646531978,21,13.590463297066561,374.47957053108894,97.31,1232.31,0.0407,0.584
12.840588617146413,77.6733181506426,14.721829147973983,20.75157842503786,4,653,8.763953822305393,0.6637795218052638,0.8536003867981046,33.801035344005996,0.4346573180510842,7,5.767273719282059,396.7552493098288,37.29,331.49,0.1045,0.528
13.065400707643223,77.5783610825507,43.05874216315692,18.212184634312013,2,372,4.048049484758858,0.43340323256203567,0.527034413816938,55.07528097256516,0.33079499478104324,6,6.0638840541407735,362.21696894169366,59.27,618.91,0.0332,0.69
12.802024633538489,77.50945066651266,15.318693292632991,11.1018438287435,3,802,41.31244316414311,0.623427539987689,0.46141847852403617,11.736997372239074,0.17866280533910295,3,9.951715922466663,399.3353163460194,96.38,793.91,0.0308,0.762
12.864323220567,77.79884980006308,45.627737920551844,15.042575365354764,2,272,16.257715054736632,0.9321195114449681,0.7958922867730236,25.99397883338817,0.7653324309345441,2,11.092226627693547,173.40585643698176,147.23,931.62,0.0135,0.452
13.019493515746634,77.57047252089438,37.94413327624241,4.688404340754092,3,106,20.683147745229046,0.33559739654507476,0.26372314209633835,39.83289459985451,0.786321806136077,18,7.7490833748224075,352.67487555977027,64.69,674.27,0.0457,0.659
13.076758079077077,77.58055480973188,40.440432065230496,16.493844601922877,1,254,25.634759388871004,0.9044897620988168,0.23885017863652935,40.24008809219819,0.5665640032301404,14,12.167977166993706,346.90849263872934,67.5,882.35,0.0146,0.734
13.06078450380104,77.46544952847667,1.8823212244222705,5.122824882003457,2,621,42.13320847626799,0.5386634611498268,0.5583629577449485,34.006311450710456,0.9573136131913729,3,10.949160209188715,169.28210776622012,4.25,32.6,0.381,0.489
12.889707723784225,77.71792381949997,48.17770749662727,16.960840581733606,2,645,32.89082785651276,0.9296589355674167,0.5565110406577296,50.78327704073168,0.31816327042265424,8,8.248241097485547,129.53126470029724,72.76,554.46,0.0271,0.682
13.084871688539014,77.6774728903126,36.60687861144584,6.280757697341279,1,647,31.138166863032755,0.9586159344390393,0.916515322451068,13.13610857072294,0.2196190454793372,12,5.253714880423156,393.8261541032799,243.83,1792.77,0.0041,0.568
12.89489963499872,77.48830784511551,15.932803673920533,3.7036799034550594,3,617,9.607932897839625,0.7696054209013341,0.30092247703025343,50.77438827900679,0.6774667689344619,17,12.501502812985176,188.8073654561831,21.66,267.34,0.1324,0.676
12.930159879263707,77.43295241824634,41.6403385780835,4.80154327328802,4,314,26.14630469378166,0.7650966506148744,0.29862714196193024,34.73771202178518,0.7584086407997047,20,7.147536658250827,361.2675371403418,82.66,795.33,0.0478,0.653
13.09859656204721,77.67219972082988,14.794538722331568,1.0458191100386163,1,233,36.05366984175411,0.616928036396118,0.31796208037992096,16.688034753850108,0.22490597055182238,15,13.344737434626284,101.23814640238116,61.65,301.45,0.016,0.805
13.059853159618886,77.66180448571245,43.76493813874027,17.531011210631195,4,384,48.6897832684941,0.8848781571805953,0.2237890090356821,54.28509567702388,0.07661076426111324,0,9.20290260054255,106.30744216588066,53.78,498.05,0.073,0.888
13.13968936419767,77.50930381079928,6.516439130184914,17.845224128342718,4,225,10.86890915145426,0.9731289309032982,0.25738539025192675,42.461438977048175,0.810516486586372,3,10.770774426317654,239.7613926089105,10.39,111.71,0.3512,0.654
13.063045156920136,77.78034542490016,35.48061289557899,12.843467048004968,1,538,1.4676243002941056,0.8425572602373834,0.7278958934632314,18.177284341206963,0.9765019736460124,17,13.72948730409002,171.61440518051907,159.74,944.03,0.0062,0.416
13.027323441334188,77.46042315671237,27.494225355600605,4.711344424273825,3,948,4.6897702463250175,0.7353557136296964,0.5452674632940073,11.68248616995133,0.6446722860722843,7,13.636230009199533,306.9523850307893,179.71,1294.29,0.0166,0.588
12.837469907131238,77.57293392041704,5.7301890395766,2.921749762745864,4,785,19.41677079391698,0.7247550270749357,0.8108824536704109,17.055482416632465,0.27786690014389415,19,8.715195752435733,269.6692976703863,28.33,177.27,0.1364,0.592
12.947086321223773,77.77744636806703,12.85279758468311,1.4399662280576013,1,251,41.20668773955337,0.8946289311085636,0.9940781748653282,40.43989800901968,0.996672608552792,15,7.088888927148432,123.24573923514743,28.55,149.76,0.0338,0.303
12.90608094707269,77.56789092677045,1.6077977775884247,4.812208070200076,2,430,1.3499620066440072,0.6788426360399088,0.727227744879201,18.964811763002423,0.8932666362670775,20,12.751460777285946,148.78848889471513,6.94,37.71,0.2519,0.441
12.897595857351634,77.65541037906563,23.969630307760784,21.489677304612375,2,637,23.379799051406174,0.8627019203741757,0.240364456496099,21.288153743751405,0.5133806462802939,10,9.33080203602131,216.41478101752426,75.68,496.63,0.0261,0.75
13.189204221900978,77.55903775918512,15.761997777240019,6.555347359138681,2,482,17.13230015172833,0.6562196786219721,0.28365029180347323,11.256986287815709,0.8253212848418338,19,6.920419935590041,155.68121918662996,95.93,357.99,0.0206,0.639
12.957239089866704,77.50968608093947,30.31951673059018,9.148240525995961,1,214,3.5716037948866513,0.34371099248174686,0.9048032678517663,46.14653361193018,0.8158205232629668,20,14.044253423171503,337.6667041731786,57.26,748.06,0.0172,0.393
13.156818622070844,77.79359105918392,15.564652577722242,3.4229461430706634,2,993,23.061578046958246,0.5687629062329087,0.6219967556466093,50.518219987971854,0.9347989696734995,20,6.981041942410874,224.821070665984,24.24,199.49,0.0792,0.471
13.052455450398906,77.56373360252601,15.69603646384225,6.114310009207917,4,581,13.482686659499223,0.611108670370049,0.8598697275165921,49.84240883860616,0.8409238437734601,20,5.258071681912311,128.0295600527498,27.02,140.19,0.1428,0.404
13.11792452141666,77.75763968147166,37.416466737848566,12.942165127944717,2,383,18.242356883003318,0.399132071490632,0.8852898689799409,16.37840756821421,0.6436792359571645,18,5.2027997376742,245.30287068163744,197.74,1003.11,0.0101,0.453
13.001054837242076,77.49198184235644,3.358998962939319,14.978311711200009,2,998,35.57514993443036,0.37174743043244896,0.9421396331996155,55.16505636943797,0.6093037189565074,22,11.223153564542642,127.25145431842425,5.37,49.09,0.314,0.44
13.030761553850544,77.48524188161004,45.24185476440737,6.643103225822855,4,174,26.555998211637387,0.6748254647598679,0.9598633643890926,43.613941473704,0.4673572883316117,18,11.616750607175304,138.68119162594516,92.11,738.46,0.043,0.476
12.997007077527545,77.41245363315382,42.760929845167894,2.327839662177696,2,265,7.107724020647853,0.35960054558925747,0.643860637202645,54.87643111884322,0.6264856399707573,17,8.11041705056984,171.8829496084616,61.8,523.85,0.0318,0.555
12.878097195119219,77.66066673015035,33.72242947809392,9.993755989930168,4,288,48.10931248075831,0.5120616175230588,0.4728161378048271,32.35802522653318,0.7952165865303827,18,8.200109892470634,357.85831157424695,77.31,737.63,0.0511,0.572
13.088980846104603,77.54741053748951,30.06785693526183,6.386677531305685,2,177,32.15962751977718,0.8212178831741532,0.969491899478399,31.84774305418489,0.9690376263025533,10,8.394939150599427,377.3837596998916,84.11,781.45,0.0235,0.321
12.912308944976342,77.74574329993585,44.72282240884296,6.049740234285444,4,701,38.527552857464045,0.9751025256975865,0.6379251248009803,49.226825934244765,0.4672873581821201,2,11.801585467588787,347.87731879962075,71.9,944.67,0.0549,0.605
12.809726386572581,77.58928396267662,10.081178796907007,23.076844462409472,2,787,4.88144435041017,0.80250940638635,0.25140217836368883,14.664892773837176,0.5736532029887571,7,5.581337910268286,200.22316522535417,46.43,211.21,0.0422,0.727
13.058188918362866,77.78727737116589,4.869488947350602,15.174911176291653,4,120,3.3058605935409258,0.9948378839170091,0.714221240047892,36.043701831744286,0.44480549505878175,19,14.291163526913257,181.7339323326495,11.0,102.91,0.3333,0.581
12.87084427176282,77.47421020628126,12.735998325567367,13.808204192958206,1,665,1.9529544680359774,0.7888365798955819,0.6701478003160086,51.819211781561286,0.668488620983404,18,7.225210441774465,264.74670723707175,19.69,178.9,0.0483,0.531
13.176183433741166,77.74744926718225,39.93433565630932,10.562827381036405,4,283,10.250907360898777,0.5056561294580293,0.9166342983157649,51.509628153478566,0.6299205040612595,9,14.996732052420922,316.5559481599337,67.84,956.8,0.0581,0.444
13.181571430801034,77.7106387411167,2.698843069597683,10.865719668893318,2,970,21.306011488206263,0.7704367783537533,0.72254975132625,57.80664281711845,0.0178337901936233,15,6.71522693787187,398.01183644805246,3.81,43.4,0.4158,0.706
13.16594575608818,77.70836873785763,29.55753491909099,13.440815088275858,2,321,46.85548053673832,0.7915097356378327,0.4792419395692411,44.91362967652732,0.5411615591006584,4,12.715464573123775,139.47121356367785,48.95,489.62,0.04,0.646
12.948063480102178,77.73791329124676,49.776438293374184,17.017885561830468,3,926,23.39592330402304,0.5602088892315225,0.9729805805646563,20.38853147198642,0.08848689569901402,19,7.234125449296251,114.78759970714133,217.75,776.67,0.0137,0.584
12.806182646611548,77.7044095963772,42.929108598039434,17.149360212182078,4,427,15.22250016325394,0.3123996954265723,0.8412955887856268,11.014015744729042,0.026383618005538345,8,5.80846801643254,308.3067666985813,332.23,1956.5,0.012,0.656
13.17132742503509,77.65048812865257,26.550838763135882,4.94895987722534,1,278,28.534827422463504,0.7922398493428409,0.7043340947050836,33.9707899313551,0.7911971620846983,7,13.749333243506488,349.6677350511717,63.41,734.6,0.0155,0.481
12.971273659326926,77.45249795107296,4.118404555045474,12.50259329776242,4,887,6.484794328604673,0.31519006669287913,0.4343401627224983,35.68519328112778,0.2586498621593005,10,13.587512591908919,353.90463395992697,8.43,105.68,0.4242,0.749
13.186661927617466,77.41301047179651,41.737302204899784,10.475036185784345,4,211,30.865788659244178,0.7418316546420498,0.4988322370514364,22.013129224946574,0.34065507728729927,15,9.035703924496014,303.53906472314816,142.13,1096.16,0.0279,0.698
13.1854479908357,77.76833913912627,30.349946900683317,21.022120224195838,1,835,28.853165762194664,0.41453154211978854,0.7359759392773253,16.234872356180162,0.06408458760406621,6,12.023961425404268,386.2047412357561,153.44,1352.58,0.0065,0.686
13.141203782186944,77.6466601258083,6.631716855918775,15.522635188022656,4,825,39.80765863687977,0.6959224694236303,0.2575846547706574,39.31040830952545,0.17950026049435064,14,10.570659326839172,253.30142906337608,11.43,118.36,0.3218,0.843
12.917779556827835,77.71861491639046,5.599006956344454,13.247593527567581,1,158,49.34769296923418,0.6527391177664199,0.4053444733202108,48.212783701207066,0.7656048182577924,23,13.529561136737488,374.14443950086377,8.38,128.01,0.1066,0.608
12.95403909144077,77.59260894060502,45.57171415239303,3.6540767701150996,1,426,13.292800114089415,0.3094595496143278,0.7711207467172785,59.65770517950803,0.4935308302326209,20,8.150559693186544,390.3436410974569,63.5,784.55,0.0155,0.543
13.140454668606742,77.44692327558496,33.79081288396584,14.929671454438463,4,720,25.97316608938427,0.5540060718965725,0.5840148078756968,47.91513086052593,0.8806684625501484,19,10.236723999989852,354.14723710093233,54.67,668.59,0.0719,0.502
12.926768802062512,77.45007431688103,41.63505316652102,3.6956898306453687,4,996,45.53440490963118,0.7207638171774119,0.5219148518515442,49.68162071277905,0.3972421314668352,22,9.853723712045504,192.9275689775862,63.4,614.12,0.0621,0.672
12.867797098674437,77.67422611489158,44.0699661138311,8.755751238012298,2,768,39.47430433671922,0.8940245863291458,0.32116609792033163,40.823043911439875,0.2687007357542682,16,8.539058262568588,158.86469535108859,75.17,575.35,0.0263,0.791
13.02272050498334,77.57212235795978,29.016845250367787,4.2853651907296335,2,290,24.882908851939572,0.9220494796855621,0.553479227582186,59.29613294850089,0.34759981445865096,5,13.914550645563722,264.4360194945455,37.49,568.98,0.052,0.674
13.174461909664311,77.48020989068014,26.354871235997024,16.917693881560485,3,299,47.323210831124115,0.6386949790232563,0.8165535766081871,41.99781925572852,0.7127717935169045,14,6.658779246625355,235.90442511405655,53.02,383.95,0.0555,0.46
13.078411918669989,77.59663781869658,22.09094310572852,5.74379861823151,3,411,3.8045979823236595,0.8098957411096066,0.41121027685751443,53.01266431998522,0.555005672334486,7,6.495086395206961,363.3275026578199,30.14,325.99,0.0963,0.669
13.028024468035746,77.42568357483006,16.530382801764844,10.012765583324597,4,807,46.61893236591661,0.5215182035734203,0.20431883374694193,57.28923231204779,0.9041912075524279,6,10.769095353227513,130.00950132014611,19.08,219.36,0.1992,0.647
12.838870597508308,77.63278856076576,22.295202082076877,21.60051988523191,1,134,3.474862226757521,0.5395304840310602,0.7348039209207864,56.49292502502805,0.6021687693888833,1,11.57494229984942,177.32201839345558,32.38,353.76,0.03,0.525
13.046002890679668,77.50759736177405,38.92010313077766,5.699276818176317,3,478,27.81793246161953,0.43612446342761957,0.9781012835460421,29.070767189167825,0.49301820848150313,12,6.946192543245652,325.53968335561257,119.61,919.31,0.0249,0.461
13.196021540041704,77.71902364025487,30.494248119741446,12.679516471051919,4,486,44.631606452053205,0.6933636769952675,0.6854612508708664,13.933102915712933,0.7857527238867329,22,8.907174422546241,128.49599349319362,176.32,649.22,0.0226,0.49
12.856033606094611,77.52414478356943,44.73364120778746,10.643248206818505,3,857,13.873326234503839,0.5201949056491556,0.29593748714170415,18.59368512696234,0.9475338507334452,5,14.465638429787438,196.22932420651006,165.71,1189.05,0.018,0.597
13.007331860945495,77.58208805963272,22.725620704580198,1.4168529440517839,1,336,24.14017644831277,0.3590596275069535,0.4565864738757385,12.961165269830374,0.35584591124497056,4,7.46617422690674,216.14661821619495,129.22,635.18,0.0077,0.711
13.150949228771182,77.40464821596325,30.747389357218946,19.233436612174692,4,715,16.892115077711367,0.7795042606642251,0.8941132917761787,15.269846741457002,0.24987621016547767,19,11.683607021173941,286.77813896880696,174.83,1194.86,0.0227,0.567
13.096307447101681,77.42897875511783,31.934070101507448,2.5880558452357936,1,618,47.655051936741216,0.7954272453237787,0.3860544594054629,19.232562294684882,0.6162173962941392,0,12.401493936975907,147.43979371580937,118.86,688.11,0.0083,0.661
13.078806296398106,77.55699742256267,29.99316095300995,11.907865482469933,4,382,41.35863414290145,0.5519946931453406,0.6861567227980865,27.05471582937009,0.498872821153881,17,9.481286994651596,358.18134710491285,89.34,817.71,0.0443,0.576
13.080993633594844,77.59197553388685,35.429054881190304,13.89560078359585,3,100,35.7410740549926,0.3537063796192159,0.5221369666031983,37.176982328753795,0.9891855748647834,14,14.37525986759583,234.2626706398823,72.11,790.85,0.041,0.494
12.943796460487903,77.64000821924772,12.634239950365508,15.453808502135503,2,830,29.793722344140328,0.5984084021823981,0.3662749771357192,45.5841029677543,0.4623617841477333,22,12.366567352187905,375.10651356416696,19.68,279.28,0.0967,0.715
12.917436737705797,77.51666503148373,26.105825099743743,16.83852747408114,3,563,41.20899767688326,0.6096348206351507,0.8507255148517439,20.546366805325597,0.07433155136034586,9,9.579245798608978,240.36097409017947,108.66,685.37,0.0274,0.637
13.123744462191405,77.67799275445061,6.107015337609036,6.825264821022447,3,329,20.221085034653807,0.768069619428525,0.7942650211725522,43.626120211906965,0.9773690607776359,2,10.69335201776094,182.51207768222002,11.73,100.99,0.2357,0.389
13.124045357871672,77.74404895887568,19.841055054595817,1.2295118631443356,2,271,22.93004090019703,0.5207914738810784,0.7292728527674124,45.21295372512098,0.8435869455935401,4,11.926134434251008,142.54864860630246,35.93,321.99,0.0542,0.455
13.146828927432042,77.71194039555733,24.895686362441957,17.639204234162975,2,186,36.77008433296221,0.7778194958469138,0.389069272215001,37.93111684330947,0.17825014395796335,23,10.921901804292183,101.12352841338544,47.04,351.19,0.0416,0.791
13.165296221022588,77.41584753013935,32.95898871772815,13.320101784994307,4,652,18.529983401392,0.9100419792301717,0.27828560217316006,55.18089348993553,0.9046052531128693,12,13.786975838260759,259.64724549545065,40.82,631.05,0.0956,0.617
13.004536959544374,77.59220277890313,47.576021576723974,20.23070717376672,4,222,4.131146160370317,0.46624022965353984,0.660927463860773,15.549740696090533,0.3406668208217446,7,8.568886622804012,132.14700907807702,244.24,945.6,0.0163,0.633
13.00060651787488,77.44197207136727,30.43190226086944,19.89193234671597,1,942,4.642395835417502,0.9852436892839298,0.6429422668315468,18.856072880120976,0.3771119845344445,21,7.998857400558049,217.51832908935347,127.96,707.31,0.0078,0.63
13.11931807158671,77.49681800634501,37.43610189265143,20.39650185912131,1,397,6.652777263979489,0.5704576959957648,0.35070800746789843,31.43324121947424,0.9063914823621593,20,7.138388894952643,276.781528371126,83.99,654.68,0.0118,0.588
13.059985572311106,77.79466503730686,25.807036915264934,12.157177179529423,3,984,43.614384843839474,0.4870810796029432,0.244997355452138,16.335636761711942,0.5301155650353153,1,5.377829680645951,182.7057690708101,106.4,462.78,0.0279,0.743
13.080786750903082,77.4569982171606,32.07109753744024,8.67345310424791,2,789,24.139094862054012,0.5950578277572034,0.2645667633551888,38.314807186204376,0.13776292939851964,8,5.430139643800553,152.56728770983457,56.87,318.76,0.0346,0.853
13.11831706777444,77.59955526138054,4.475678590554898,19.20583865960151,1,674,35.93123609789209,0.3660782331327014,0.994216789210187,29.92002333047122,0.369056159341804,16,13.700551931092829,332.4164867828025,13.44,135.78,0.0693,0.492
13.156002136727025,77.64726229372725,13.465187461250503,11.379764599672864,3,583,20.25255744463977,0.387994134558481,0.826867115794307,24.22978972679592,0.7220974462678807,17,11.783931464059073,384.03735168448617,47.13,460.33,0.0623,0.453
12.935198062740614,77.68098598821764,18.730801567051795,5.219170517278994,2,264,13.67683642336609,0.590103832877832,0.9375899807721382,18.499490650881864,0.17418418806801672,12,11.605324154364862,130.1321253585898,89.23,410.91,0.0222,0.573
12.950233181055978,77.62385947339477,24.152174395319165,20.66440244991391,4,798,18.012416210548384,0.8337111653573699,0.3560437777890907,26.766911917410514,0.5902311974063588,0,11.14642818934886,146.67709731550235,63.78,425.13,0.0617,0.681
12.837592775936349,77.40390833896768,3.236788529616803,21.298877165763987,3,482,39.914934920541995,0.9302185677021435,0.968454829058748,40.3979675416171,0.6952741329444169,11,13.49219144694105,388.0037971758156,7.14,89.84,0.3686,0.404
13.03131205639847,77.5305845232976,7.861180780112567,11.725124391223913,4,308,31.63559012654047,0.7653725935013895,0.3141234811785297,38.78926054447058,0.34385357554257934,19,9.802669256656275,111.33526654367388,14.07,103.17,0.2654,0.771
12.814376909518698,77.60708465735388,14.563901081773983,2.7410937281251115,1,838,46.9443492179372,0.3736536886667188,0.6072654628531768,18.18120001051169,0.6938806887083223,19,13.704108285583004,393.28970096514166,62.66,610.31,0.0157,0.549
12.986239207252984,77.43514659965794,48.605101854151485,9.920000068089418,1,531,34.30553415026486,0.7704138335263745,0.8637565475336513,16.24599053703167,0.8842073518293186,20,8.594450261822391,101.39334492549663,257.04,852.1,0.0039,0.389
13.017057853883031,77.54025077248367,17.236003348049486,19.481366167639877,2,488,28.938899955980002,0.7447995444920803,0.4798426836092635,11.333838130443626,0.4721167442332409,4,14.267075043390905,362.1005966953994,113.14,928.71,0.0175,0.666
12.914616500851315,77.41328124351655,24.620011847492044,21.74080265656326,3,659,30.89960444030589,0.8640347428053319,0.5398628265415204,10.621279689696614,0.3829093281797856,7,11.9865698008124,192.19755429632485,176.62,860.88,0.0169,0.669
13.036333304227604,77.43143139886202,10.608787924181254,5.679873077444705,4,323,47.17620053395232,0.8776740666565266,0.3025480882392783,53.99052178598426,0.2511584013582857,14,7.571771360244273,381.57665745318894,13.57,166.63,0.2745,0.804
12.81220009997562,77.55876931048064,30.928223482712646,2.5403930765812452,2,102,39.6218455634686,0.9077421530452852,0.29833750399917824,12.254442800269496,0.6042054798633042,2,10.640849216886252,195.08358659067562,174.02,894.91,0.0114,0.699
12.814939275499686,77.45308630161723,14.753477560282741,21.17906042205529,1,471,2.1780206309554533,0.5898920602053688,0.6956545798229277,46.561055493662316,0.879852048038716,5,10.330305614882555,296.2918964602168,25.62,278.92,0.0376,0.458
13.129040224263862,77.62701633930462,11.142636343482913,9.956313596514132,1,786,27.172845110649163,0.7885050767465009,0.7404258948960454,53.59925481224785,0.32466126718519406,12,6.378988217303339,124.009770929781,17.09,106.4,0.0553,0.606
12.944076256564506,77.6757859876549,26.312058793852973,13.460502178153956,3,545,34.728582165781674,0.4877752512456175,0.8218660112657548,14.902892428122879,0.3962355245373035,11,10.912429057506142,172.69894343612168,149.47,717.35,0.0199,0.552
12.850824205060755,77.72023467964364,1.2697841588606202,23.265513677167455,4,710,37.686225443518595,0.999535395988453,0.6453456421454029,31.81507119165088,0.4066255175499839,18,8.147856237169579,332.10380394377523,3.17,27.89,0.9592,0.62
13.008897304021922,77.48006009769793,1.375537599812041,2.5309887420271258,3,215,11.443963846382896,0.42273396896380194,0.7166074338090447,58.115149158713834,0.5608123417775172,17,5.523487668096024,258.60575610364594,1.93,15.92,1.0239,0.545
13.107997421239444,77.46699303290363,11.73437164599103,15.911314171398198,4,369,43.49169036811626,0.3070801021625851,0.21081381735977606,51.70693302617926,0.22840896156743862,23,14.486561577065649,378.3907185361134,15.05,264.9,0.2492,0.847
12.886328410998738,77.44182713613377,2.799346762540236,2.704424719221943,4,546,47.83631421158302,0.4041661001627232,0.32973658170975045,34.48520159289275,0.8222111553077043,0,11.414903690642877,228.62542250240628,5.67,53.56,0.5997,0.621
13.0491561903276,77.65457209981746,6.293261952403878,9.635785354729508,3,467,12.599049986398619,0.8431106026808886,0.9879318128135237,48.12855563957764,0.2956022775042213,6,13.76918931870847,360.94370974417694,11.72,157.16,0.2358,0.516
12.834138985997507,77.68259029059476,17.60417181759883,19.487734539449274,2,352,44.248157418345045,0.6127485735557481,0.26079480505266545,51.66888122158319,0.7053626908966819,11,11.760560050132531,234.68663124347125,23.11,297.43,0.083,0.684
12.820672688467443,77.41263445793027,40.32669829941083,10.969861353379592,3,416,5.751959363288674,0.6132501734672997,0.743030577808196,27.401348159435965,0.513215741779552,9,8.56983692140113,393.7744836105956,121.11,1140.43,0.0246,0.549
13.012541852627258,77.77448489849748,29.03038352509574,23.93519413976786,3,514,3.729634969647014,0.9685160437281679,0.34086610642537296,54.60764584349805,0.5858976033527569,11,10.126880723288114,387.950314419663,37.33,535.36,0.0783,0.688
13.016254048644043,77.4207885134606,26.120718571864405,13.85836355377185,1,194,7.3319662050347185,0.9437444356196518,0.7733748686141135,33.52366598385784,0.17960873882730288,10,11.75746760347177,198.74101166682408,64.83,521.85,0.0152,0.637
13.054971960599282,77.61651853412043,15.38095233719796,8.38672951062693,1,884,3.829312893884764,0.5178363164628064,0.7647923223695947,36.3903681779415,0.7350231981781705,3,14.602523252014375,365.777101125041,35.06,438.34,0.0277,0.474
13.090436533489065,77.68362420778037,46.655932252208004,6.062560495809322,3,991,42.40559962063302,0.44634069014660627,0.38735924783047215,59.98538189109155,0.1886205190426311,18,7.536694591216965,354.2834122646948,55.71,680.58,0.0529,0.788
13.190340831785013,77.74838764949843,20.45373702062239,9.061972288581721,3,123,3.8934570784553255,0.8939375469536177,0.4157075193753634,52.165148307608064,0.11347363762743912,5,13.749770586241176,163.20411919826884,28.42,358.54,0.102,0.8
13.006520139320479,77.68563477285296,5.267545572992804,9.568265296469669,1,727,14.311545376819119,0.9342133497310541,0.7238165708816706,28.088500288649,0.546679499888787,8,14.240778052942694,287.2871202349809,15.32,148.37,0.0613,0.546
12.929182589176499,77.72069123322791,31.236259289772264,2.580414587651102,4,762,6.084060833256963,0.6791178459589409,0.512068831024171,10.517279823634997,0.7092971369176653,19,11.704155146589565,121.80469467694445,223.82,819.97,0.0178,0.582
13.11807447790748,77.53578007701712,6.578081280353469,9.500206586815782,3,949,15.475679779374483,0.7405965977819703,0.35563837575992907,41.30870368969474,0.05003583643475673,9,14.312666274013377,351.01321617503845,11.25,159.96,0.2449,0.843
12.90833290050483,77.7259300454986,17.915933997282913,11.677485954002172,2,149,5.437413912445104,0.47983999928460536,0.7853436790299855,45.19567130640539,0.06939531494054207,4,8.978785874773685,152.36376505104897,33.12,244.97,0.0586,0.665
12.975588568282255,77.43204593855387,25.863184997172635,17.622968301492506,2,601,33.732159286407686,0.8605618815849672,0.32331801946906735,42.540134507168986,0.802679162705919,12,14.530161760404427,121.24441041572936,42.38,461.44,0.0461,0.63
12.831382552536907,77.75792666242421,43.83690370957361,16.104778148596985,2,817,7.533014000786182,0.7424856999143161,0.8845149313159573,58.393117558160654,0.809032699507332,8,12.027828771659749,220.06572866164336,64.96,765.52,0.0303,0.403
12.810140297366184,77.61903695046149,25.183782436665815,17.30161007027055,3,597,42.740450366105506,0.6524594579085976,0.611735619241462,53.148551366607215,0.2453047170590812,1,5.420057674188119,273.076641579893,37.13,305.49,0.0787,0.682
13.185059365871169,77.726919107985,35.41067953555155,1.1923646831677133,4,434,41.04236148560541,0.34207598925487703,0.28456048310344056,32.44158465903243,0.6152282028002035,17,14.068728318190528,356.4750875679313,74.81,942.65,0.0528,0.702
13.134392048204882,77.58092731380732,49.64802511095445,6.006350190352329,4,178,1.6694225880598617,0.9411544737578075,0.7552578668247876,13.142874373619048,0.4431800751446595,20,9.844728090331927,392.272757656521,312.24,2530.16,0.0128,0.565
13.078389682437479,77.65743107807862,7.442966875001099,16.2187386331967,1,681,44.89059142024062,0.7308159942690842,0.6153304316596324,33.80293847509984,0.632696041403513,0,9.603269847778328,231.8477537709591,17.28,138.25,0.0547,0.564
12.963581177765708,77.61056106437445,14.461844750456457,12.131755468134184,3,126,2.418271520424986,0.4348837662850775,0.43844605743584764,44.46220099810115,0.8628792840992251,23,10.664666059796343,118.13407689558106,23.79,201.07,0.121,0.566
12.869317728028339,77.69263580870214,20.334227704284675,1.1222099403719568,4,370,12.742643462920274,0.7244702818881369,0.538031504179084,40.38549041135023,0.0798564245822565,20,6.493845467712279,324.7346737077612,38.34,339.55,0.1017,0.761
12.862574817068435,77.43265199281224,21.669580748402737,19.503376775931915,3,661,2.587067751023758,0.7742243479679813,0.43867019486999903,36.906853385544245,0.7779844259884543,11,9.691660485673985,269.5519768671812,42.96,403.01,0.0682,0.591
12.900097159265838,77.42414083359623,21.140032688011743,18.77462018567776,1,903,17.456330864926482,0.6680392356782578,0.41042066859422727,33.44094790076207,0.4930291045210393,9,13.311272167177457,234.36740345333894,45.71,459.95,0.0214,0.688
13.019690665882448,77.49884129360406,45.47293912527119,13.61364074885194,1,346,26.17945975995031,0.8026712165692158,0.33088673667496976,24.688093651369314,0.5641269437619965,1,5.154824591375153,192.78066363765691,128.8,648.24,0.0077,0.698
13.085838369080024,77.46381787204528,35.987599578875965,2.5286564928542585,1,875,40.035598581741766,0.707017763550037,0.49021370650998075,23.867338086231463,0.6539313600171203,8,7.729171603243713,250.7195583530607,112.64,748.84,0.0088,0.608
13.064078950687092,77.74871342663688,30.787355490444483,18.629846139249448,2,690,17.56109597302197,0.9634387074225037,0.40078976505285663,35.0115739462901,0.9226231491291074,1,5.024545864438442,201.60388133710927,63.33,367.49,0.0311,0.563
12.911973558778378,77.48768559494322,16.159263175276322,14.425412517821371,3,486,35.56901120898272,0.3375879550195148,0.7467475896431337,18.03015732148245,0.05671995355173787,22,9.157113091498484,327.10356032420805,73.85,550.58,0.0401,0.684
13.181946112265276,77.79034610232765,41.36572882684344,18.98507947463306,1,801,10.187718398830036,0.3743719959286923,0.7471013929306451,27.034271178740077,0.029476352124447658,23,12.283155104937347,263.16810894779235,126.1,1061.19,0.0079,0.692
13.095158766678306,77.53475831670845,47.797965062764455,18.29018082510433,3,658,37.77932438046219,0.42157014586803787,0.6014721940445107,26.19896373550498,0.17826178148877347,21,12.987718291146285,363.05433224623357,142.39,1482.37,0.0209,0.706
13.02174162100456,77.47284716627549,41.2387158449611,19.469047655030256,2,460,12.56383368955264,0.7831197494230324,0.8223556219762569,39.356640079210045,0.9864477260267365,13,14.451897611270066,263.06317439483263,88.72,984.96,0.0223,0.375
13.04468829849374,77.71587940285698,1.0766901543821723,12.91418552730637,2,965,8.033693041244629,0.751917110924866,0.8730717752048387,13.334115018151229,0.7150763673777757,10,11.085046129707866,171.478724001979,6.96,31.83,0.2513,0.436
12.967840024971116,77.66348311020035,32.18366713898695,4.2274639184508445,1,587,10.085033668328661,0.9244412021467858,0.6638131659474185,51.48343401325476,0.6146411190545019,22,7.546268666528954,355.3275646696434,49.96,538.74,0.0196,0.55
12.899092395800464,77.59927828658125,3.5056336906629353,16.43662188773284,1,451,9.921093315210914,0.8130142170187289,0.695148130210747,38.11891901922011,0.0470390534147479,10,14.24147949136699,267.1657134790132,7.44,83.05,0.1185,0.708
12.942389071460505,77.62214542037505,13.62275379635237,15.270897056195324,4,800,26.130281089472568,0.6558488412952146,0.4263087278290922,43.54133403879677,0.8791102238929648,16,12.75315753880376,162.0523114430684,22.77,235.23,0.1683,0.566
13.103138444185747,77.6876807113089,3.9167103170408124,18.071823305579006,3,355,42.395081478219154,0.9942822547245411,0.9158953605644158,45.15469518797164,0.8127568532971595,3,10.744284830031445,287.0523429868666,7.59,78.39,0.3492,0.39
12.805757395451902,77.49138189653252,30.585977194519998,4.907263139166912,1,321,4.900648772632776,0.4862755693185094,0.21936483553802388,24.574206842126824,0.6648000438670849,12,11.956402157189359,207.31502948272828,82.87,652.03,0.0119,0.713
12.846429056202767,77.79853356642269,34.64290576113773,5.484429597706652,4,983,35.64085960617771,0.8832341618498176,0.4788819755542766,33.51857836924333,0.3391308154847027,6,14.243163550074291,353.3216836876197,76.86,946.03,0.0514,0.707
12.818401056808701,77.78991726485872,6.609894265229351,21.479418896044557,3,852,33.06297652299003,0.5987532605357435,0.7774403372398848,57.81229779348336,0.07050495556825731,15,12.123940284729215,235.98992159396286,9.53,117.62,0.2849,0.668
12.816291520927589,77.66013027453877,19.808105269203995,18.24948936439763,1,880,43.75347763963875,0.7541145972130139,0.264071607736929,48.335261899840745,0.5800384879009225,0,8.683745075847341,317.932407432225,27.83,319.48,0.0347,0.72
13.142184233604402,77.47981698037167,23.35558893882156,21.889255240107428,4,100,12.963230464838453,0.8090879293167037,0.3465356219426341,58.477843761159264,0.7196945714608375,12,12.130282022890967,128.66086229087114,28.12,343.61,0.1374,0.645
13.081463143752009,77.67209129697251,19.083598066284914,18.450452386770177,4,645,23.05538307556645,0.7436278610332354,0.671428582290281,47.31271725731442,0.09424035047724744,0,5.402781627353878,218.80730389070385,32.33,221.01,0.12,0.703
12.98966953163493,77.42887936359168,6.930225023774459,14.734572037776942,3,545,46.36554134773235,0.39835511217601527,0.6479949371708464,18.78000698542587,0.6337676597984959,10,8.864155618305812,394.9724309417196,29.32,254.44,0.0989,0.551
12.839133664260402,77.41226100088232,21.528441719186294,16.045052951641097,4,178,33.339679056630544,0.6100657075235529,0.791142636904764,13.226794192233811,0.28636606788715857,5,9.063230318455792,342.53808684314447,136.29,973.19,0.0291,0.598
12.996646350046733,77.5030731554045,37.80772434261249,21.44994225062023,3,335,20.04965223021825,0.693006864553187,0.8500901112705375,38.88307183598318,0.7642442212198117,19,6.6683823442083465,147.9822407100786,83.14,457.17,0.0357,0.431
12.989388708312227,77.58504918269573,4.479375562129517,14.312555353774632,3,433,7.439206759908155,0.8943306314250177,0.3028636628093353,27.890663985130477,0.539615850601837,2,5.230854805517701,183.32921484317654,11.1,57.35,0.2479,0.717
12.869280747964007,77.74730900216335,4.92882069001327,15.54500045955291,3,988,13.86176538712896,0.6105520241590006,0.21470479182019364,23.77289550690851,0.1290367878104367,11,6.333812366377428,198.94474265690832,13.78,76.91,0.203,0.875
12.973540659695189,77.69086762790653,18.383793299963227,4.598964468082814,2,448,29.47955839697978,0.943123113362976,0.7517108157271248,50.36054982127087,0.526519447733236,4,11.546214957970552,295.1096681486337,30.13,360.46,0.0642,0.541
12.95940189375895,77.69708260847999,47.144559869327324,11.900188062670363,4,197,36.19022943046517,0.6082619561176474,0.4411134366130874,28.349663354097366,0.39573686336671865,8,13.022888163636875,327.0984278468967,121.78,1277.86,0.0326,0.705
13.046340039220887,77.57019733377923,33.76005968942279,17.477133575036277,3,181,7.09667245574278,0.6841459014841081,0.700787131134363,25.850048486715195,0.1803559682816519,11,14.882034927269741,324.8579826423729,105.82,1075.36,0.0281,0.666
13.054037460347057,77.5383739970188,34.25482787695567,7.231682061276405,1,601,30.380265742158645,0.8573999780599606,0.3204356704497798,52.49937965845052,0.8415157240621232,9,8.463635031084943,252.96221689192083,45.42,481.41,0.0215,0.619
12.818121603908818,77.54841550519384,18.734079551055384,5.651846152064303,2,576,27.9672126630988,0.7081473790955005,0.5752320373327704,52.31436682432301,0.0110284484991362,18,10.993792222611017,343.2461613514454,27.67,364.25,0.0698,0.767
12.949845045850589,77.79505982549442,30.08937876921838,8.218016589161557,2,803,26.183816887844692,0.9721526506679772,0.6035397968507495,27.81833188775283,0.31212827687810596,4,14.37144966815122,231.12342482724253,84.48,757.85,0.0234,0.665
13.050343966285695,77.416043676565,1.4964280173594255,6.55451444383517,4,864,34.81603276641839,0.7622350813598893,0.6680622530985729,51.62493504929831,0.012595038169426753,4,6.670417813381526,137.16416958866859,2.32,15.29,1.2048,0.729
13.001254503432035,77.74681259844898,32.16870627406757,5.942990651837104,3,649,42.03503015908963,0.6658966178473207,0.6105360130644515,52.538924516633024,0.09600694650615271,8,12.176455863427426,269.332552496144,47.95,606.94,0.0613,0.727
13.142595936475328,77.63147016342896,45.7510604312356,10.771569385966,4,113,16.82649447566655,0.3165143774465571,0.5965526161829711,31.19652675148331,0.29709621917308104,19,12.549787331491633,385.690415380332,114.24,1308.52,0.0347,0.672
13.063477452647577,77.57544616767584,31.01609994889614,21.880285819321283,2,491,44.56159731543701,0.5896130283062309,0.46618732318708445,13.323656510458578,0.05427118538937359,16,5.8897553586933835,337.89809541775344,172.23,1152.61,0.0115,0.797
12.865173770832572,77.69010306416605,43.811231079850906,12.662371874990521,3,446,8.871047018308984,0.5094738934821123,0.25694418905446903,10.079232223317005,0.5966305323571411,9,13.612493851830651,273.6101943076727,294.31,1938.48,0.0102,0.718
12.828227498960173,77.59466757656988,36.4746797178386,5.322168758752429,1,409,9.478169617807053,0.8236739675212423,0.27161615743747386,36.16462314444975,0.08686290798618279,20,13.131050471108438,294.0416981047291,68.73,815.78,0.0143,0.865
13.056967711282526,77.74936929523267,6.907362403780822,2.7703483957601036,3,485,14.071831117572271,0.445794372607482,0.547022619525723,27.203774668517784,0.7017136340660952,0,5.3340300657743445,379.1686081106718,19.4,159.44,0.1471,0.571
12.81060452421665,77.7602807456045,45.22021205700624,17.01159133817228,2,308,6.857012607806813,0.44365406110585026,0.48463450225679444,59.8565947079183,0.05264211262716112,21,5.910844148800515,228.50283833048815,56.31,481.74,0.0349,0.79
13.034310232509386,77.56868837074938,4.2557483734329695,9.80437158203692,1,456,12.285642009461002,0.4326633302661637,0.6129078437395983,48.62054998136421,0.0593088948010968,15,5.491268938918523,199.4182416827912,6.86,46.17,0.1272,0.737
13.176092096569983,77.51073111889403,27.164406154840425,19.902111771463264,3,700,6.214176382239385,0.3879309292093651,0.4438705354050136,48.06377281752062,0.30532589903326635,14,8.347435317993622,393.1724695001347,41.44,498.3,0.0707,0.731
13.030189671150351,77.63694013143734,7.964719065879425,16.168747678737716,1,667,41.26586843228413,0.5177049025696212,0.7503280731642594,57.762138414367186,0.8965715249692775,22,10.092889906799261,359.03294005310005,11.38,148.48,0.0808,0.431
12.955267970482609,77.76494533824668,1.5736239258142992,19.313553362451476,1,193,7.809480602444605,0.9201454801103974,0.8911638576076084,54.38621989466604,0.6413932487233165,16,10.323477279546289,196.91307538558073,2.51,24.48,0.2849,0.451
13.057315287376941,77.48426487560226,21.67967874625431,7.254758906624321,2,192,37.617580320432985,0.8424499306141684,0.4390905510294942,25.909373972819434,0.7701312919289194,19,7.6766675976944265,239.13417920827683,61.23,410.46,0.0321,0.593
12.983301156196607,77.64918663342539,15.456994675053656,16.924255216604337,1,439,3.347779527753353,0.8146758514147554,0.3543872063512229,18.29936108019382,0.14155210947710606,12,14.115968865602742,224.52343870233972,59.66,441.44,0.0165,0.816
13.018246715726374,77.65262408803702,24.81402419608255,7.073425647955532,4,696,47.47749604818184,0.8581357639549738,0.2929444594032713,47.294613253274115,0.8341254332472459,0,8.682627898719133,144.72870360143017,36.09,302.51,0.1078,0.633
13.17658592351061,77.69324520896612,29.282794449992988,22.598575027356706,2,544,35.846844288860545,0.4885925225307002,0.69300323245665,28.91369468414365,0.00814624819423515,7,5.455501559653525,387.34579714397773,81.82,687.96,0.0241,0.72
12.95444105512031,77.45262707405091,3.1432145431384204,15.63660847526761,4,856,1.3330308807194773,0.9212091835267413,0.5550847929124556,33.65863258154782,0.21305735073300613,4,8.002271115413864,221.29372936592762,7.16,51.56,0.4902,0.714
13.184476225529565,77.68632998587283,7.027161461063536,8.463771404032869,1,121,38.42896850981049,0.3961123625991231,0.35041257375703116,41.519886563741345,0.6160923211499935,5,10.311094225441554,362.5987247913724,11.93,144.55,0.0773,0.675
13.162140256782425,77.76361300826625,28.373477426070842,7.198772832722271,4,390,26.19001411754308,0.5354420087009073,0.7225093866334844,55.393633846762036,0.37524640859405034,22,9.08221822588232,156.80686830419953,41.84,367.04,0.0934,0.598
12.878316453915719,77.4718732435481,17.81520030546025,5.3913114566478,3,584,39.18889334642087,0.71072368327714,0.31878654640422754,30.954387683548298,0.9841933917185635,19,7.738425190992592,264.36124319116595,40.04,314.28,0.0731,0.577
12.827744520350066,77.49501732996956,36.72950088992295,16.97674205455574,1,883,26.602343635638835,0.3720335618394004,0.6434405646783621,49.165844510968064,0.030339246818318233,13,6.313232497643174,107.18841553728095,59.24,337.71,0.0166,0.734
12.840311200550971,77.78855803761665,32.962290781005045,6.030459098952328,3,405,32.41021802413238,0.8110911314434974,0.6217187053002118,23.416989563732873,0.9985981679365432,21,13.191645000962298,329.26614515269256,110.71,1042.38,0.0269,0.452
12.80728873026062,77.4723907810838,42.43461378650544,14.691975116332248,4,733,39.530251114356986,0.5710722337424324,0.7873822409488667,44.89858954618068,0.6236278328613161,22,14.961452421241919,274.2741694738835,79.03,996.15,0.05,0.498
12.837777184302372,77.74175403734783,34.93214850679204,7.086605619283219,3,227,20.850294674804978,0.84908396592588,0.24408771195253343,10.078971053895593,0.5587069945960965,10,8.29542133523882,287.6768750409258,233.33,1408.5,0.0128,0.735
13.073202709366543,77.59691114257922,22.066622792117258,16.225285730258978,1,724,1.1326993412021524,0.6450273999092219,0.9102983454810643,53.57536067453174,0.059512442563974366,5,8.816210441766039,115.51626476639603,35.96,263.78,0.0271,0.618
12.828475459384093,77.49889242976127,33.975364497327185,19.743613756432403,3,372,42.647378301314234,0.4266121670977354,0.7623933809174557,11.518978997723124,0.2733288766658907,10,11.180375246769572,163.31149906258463,244.43,1045.16,0.0122,0.613
12.927590252117504,77.748299960509,14.493677538515508,18.894580592327024,4,947,19.663627768608468,0.814333267948741,0.3729007986790098,45.63768773812921,0.9246626882915957,12,12.184414747355413,122.29926170607405,22.61,222.68,0.1694,0.573
13.137950124387782,77.57812210200107,16.009361440132423,18.49958061140798,4,541,25.30609357481257,0.47650076908726047,0.3467242788877918,12.312909463064194,0.35424600318924426,11,8.920295348035912,186.6742947411435,91.54,427.61,0.0432,0.755
12.809308774294331,77.60592694157188,39.66027283611887,5.3176153309217975,4,602,1.3805654655444672,0.6435672108876299,0.5453281713150268,23.312284969700173,0.661653200467251,21,14.049295169818151,288.2317023046453,129.91,1181.27,0.0306,0.583
13.125787393035575,77.54369334775991,22.874556303677526,3.03285378064393,1,229,25.1125085071548,0.35287328840983534,0.8540522636356775,34.86012017782765,0.9994963504187216,1,10.600039892289184,269.8557952952126,56.18,495.15,0.0175,0.359
12.91274190990936,77.63718034057398,40.12063668539927,17.07582305520987,4,231,49.33788267701475,0.7325066580884256,0.8743599945112857,30.99693426741191,0.26306971383354116,20,9.50390076405931,283.64494648401705,111.61,908.93,0.0355,0.571
12.847265931048662,77.465409549034,41.298696309745644,9.47198591727008,1,696,14.635115380119712,0.766100436351394,0.6163648737115064,19.59180573005053,0.5760808790144938,2,11.466727531599052,264.7753814133683,165.46,1203.72,0.006,0.581
13.07869486614566,77.55643261466071,43.0205545454029,10.943963207276989,3,581,20.375495241876525,0.5650719469809484,0.88864869014939,26.69074558546187,0.6964377927022132,22,14.528038482491732,181.9086387027578,139.68,1048.49,0.0213,0.436
13.051577138711954,77.78776492893411,45.91512655621916,1.7164291342479945,4,961,34.672309826965154,0.9680959462247516,0.20435496735335246,46.38531850304835,0.16462724656541516,3,12.945522944217055,173.35224920332757,65.46,783.52,0.0602,0.869
13.15098880541082,77.50325337308045,22.118275805151516,6.970258333326131,3,489,40.92488970865927,0.9119182450374479,0.2281397052252773,43.46285462898241,0.1486725636961821,16,5.400131305351243,141.11790506097438,34.02,199.46,0.0857,0.864
13.094028417521553,77.66269466581652,16.624474097735803,1.7745572891126726,2,692,21.452189576298913,0.7955586410179962,0.9294572749093943,13.590729188195784,0.4563079116581733,21,8.323099107399596,354.7212624710476,107.5,773.91,0.0184,0.491
13.12139237215394,77.53007602568988,29.527738583111578,21.221272769828694,3,424,16.173774649663336,0.7995564521456198,0.820265543908733,47.365791278644316,0.3858125217592894,5,9.705446849512228,284.9438075623733,52.74,537.05,0.0558,0.556
12.912813829028522,77.70938925027464,19.18744874844375,6.598123714026201,2,168,46.95346419926829,0.47668120045950585,0.5605648466003086,12.652294059851418,0.7142154368573138,6,8.145175722091054,155.95330375121793,116.49,459.07,0.017,0.562
12.870975817511889,77.45234946428735,30.452634173211415,13.818754900179185,3,759,34.180103366911794,0.7597706617619142,0.8028881051823897,37.146319454989225,0.06950877144858625,14,12.001875608304566,153.16281394637184,68.93,541.45,0.0429,0.658
13.100245900656343,77.78792841803141,35.573707269547405,1.8965243752059995,1,547,6.832043920163913,0.43874438566486373,0.9645115693787374,23.00313740210953,0.9721666237406904,10,13.262691498625811,361.910680457841,137.54,1301.42,0.0072,0.323
13.122733895706904,77.58151581655346,34.73184590611471,16.337490000030137,3,627,4.377466028597782,0.4008022567438755,0.8176716191050282,39.384506377990945,0.014276981685832357,23,12.313450951852715,322.8192591289958,74.54,828.72,0.0397,0.669
13.196202056800269,77.49442018533858,19.353091463985947,8.42962895234416,1,918,24.693942688728082,0.9996275259418061,0.8738970670546575,23.066419797045093,0.6013168243361512,2,14.893332868282753,297.81972397161144,72.34,647.3,0.0136,0.47
12.965047070764571,77.429398698932,9.176149883238889,21.652141300026315,1,716,11.78441323631635,0.7356631520312219,0.8084852651120495,59.24789848129155,0.5626325958673883,5,7.725476478930291,222.05923226178993,13.05,119.19,0.0712,0.508
12.948807234317114,77.46790316203501,22.09593758464817,21.426718345482826,4,264,13.44525291543642,0.6016915108600334,0.3345688739468333,25.48640918637659,0.13471573086972577,1,13.749894950244215,178.59266928355527,60.72,484.55,0.0648,0.826
13.110565184296798,77.60790957942241,7.987113060013528,8.4816842223202,1,587,44.006916762564565,0.501715166018766,0.8668592877165895,22.0980317837248,0.1509159827135298,13,12.66622665174486,393.83522893384713,31.09,305.24,0.0312,0.608
12.936321416101208,77.53480127057252,44.61475472400661,21.72210060088076,2,812,5.388735191499222,0.7227443105635591,0.3560870560193681,23.9232645457673,0.7926774877946268,8,8.621787575581461,339.17187250684003,131.82,1129.82,0.0151,0.62
13.172302930241425,77.73155334635304,17.947995576155012,23.911626490471914,4,808,36.05284164621559,0.33471545575406025,0.9140890624353177,54.82364286296477,0.8875624584126831,17,12.341245436569686,190.53376694088294,28.62,312.39,0.135,0.368
13.143365100737205,77.57235500946473,8.568527613942866,19.984560274850807,4,525,14.285970415648816,0.36627669335335655,0.5669199184648608,41.810941433467235,0.28301696588376957,18,6.040759564182469,354.26943888354845,15.78,144.93,0.2384,0.688
12.971597610950008,77.49948570903506,2.246940235381793,20.432040998370265,3,796,38.25608284880275,0.3229996884182774,0.7415814018488229,46.534204871038824,0.4379639639625684,11,12.893334823405525,327.67958458440444,3.97,50.65,0.6036,0.572
13.100348427116598,77.6468579946416,32.64529692803772,6.727200930509068,1,933,36.398157838713686,0.6494188832838632,0.5977926783045149,55.90052550471752,0.35499504103835355,12,10.323306025871027,189.1241649633995,45.51,480.46,0.0215,0.654
13.101817149633872,77.68271088675418,32.20821355528242,14.264155173728396,1,364,1.3622031707703584,0.7204246404310277,0.27519274353328166,55.59362424225037,0.0725470129866519,11,7.9229017270925315,227.96585627249192,39.54,405.41,0.0247,0.868
12.841249547534373,77.46681676316038,17.689604162483292,2.5468860212494606,2,974,25.94763523315836,0.3437358329504746,0.4325778460965321,46.94729232893638,0.6732042460158094,11,11.557773017841802,155.786033617308,27.5,275.85,0.0702,0.625
13.161021162671826,77.46704768651533,4.513882553534899,3.1831125468984034,3,711,7.826654636524272,0.8048571272492415,0.9869854831976048,19.891221442066147,0.8251929348056901,17,11.41619998714409,133.31573331343282,20.33,96.7,0.1406,0.358
13.002100948979143,77.41466857077343,21.07181584986637,23.974530076765685,3,441,43.44512449835516,0.4612765500601951,0.968571801335854,52.16866603375028,0.3048793573912071,8,7.094862227195997,316.82860985190905,35.97,339.44,0.0811,0.521
13.130582986443097,77.69456080602626,16.249657258106286,8.512702736795951,4,931,43.707708260257924,0.7796410176389061,0.45638951812443784,20.188801709553186,0.9901757936307183,16,5.303974148115262,180.25355720616,59.31,264.37,0.0663,0.52
12.928019840412246,77.66552181104872,34.17891134701546,18.208229977123466,4,825,21.498944567194144,0.9873279980246719,0.9970374433961806,47.144940704921595,0.07585155728235493,20,9.336225869016738,346.0178097238761,65.18,694.99,0.0604,0.578
13.15820929139848,77.58985235029992,30.68318322318183,19.55329621961678,4,377,22.775385304102947,0.7837741090376957,0.8764409563975197,44.28015332724372,0.6617907138145209,15,10.695118693444211,398.68261345432785,59.8,725.51,0.0658,0.451
12.955680671493665,77.73766817958767,18.86509268167946,20.734535233166273,2,773,15.860864030821828,0.9182351370465258,0.6887675995458038,47.94444250702233,0.44822801452608896,16,13.766052783705984,122.9859441788946,31.74,324.76,0.0611,0.59
12.80433506059212,77.72226806118002,11.676735158494514,23.9454508402496,2,538,36.11370864904152,0.9637389547201471,0.2320996962088076,36.63428403569078,0.4466019011066559,20,14.282167956475945,241.91053752511007,21.34,252.81,0.0895,0.773
13.162152790567704,77.6341417457587,49.413762341624,6.55441916090796,4,256,18.574406788296496,0.6407257338466208,0.9211574636307036,41.93630911246098,0.45764561603354026,23,10.288052181567664,340.6187677932409,103.26,1094.58,0.0384,0.494
12.836514670714454,77.74730851220531,23.246079438609627,1.9280690177730933,3,521,14.121831251609056,0.7916274855937948,0.6459434234114558,57.666004021712766,0.2586817738014284,7,12.538034837685448,336.68526896237006,32.0,471.03,0.0909,0.664
12.927725455036166,77.48233648401471,34.725437553231615,10.457404913875477,2,350,22.179321915720905,0.8963784774890893,0.8947809209622157,15.054429708710746,0.7155628273322324,10,9.393032723279969,327.99914749929053,200.32,1421.26,0.0099,0.427
13.180024786820322,77.4447678477591,7.887095411339678,3.99185540606578,3,977,5.482888400985478,0.5496262390120703,0.8675432959245939,25.442363739081,0.7215765260850269,23,12.46082156572893,204.6984805905733,26.67,189.27,0.1084,0.437
13.180242858775022,77.5078998446068,24.79389528331049,1.5157954507272677,3,708,37.58355702756599,0.4829781215922764,0.8664049721608689,40.56785065491912,0.282397110105827,1,7.0480152493916695,236.15597670551568,52.56,381.62,0.056,0.569
13.029375155249314,77.42283474243573,2.3492992736038087,9.28981702425418,1,629,1.617223662317561,0.962619000944837,0.7585390885719241,58.202706506574465,0.8353064608584502,7,8.710647348035314,278.4905072024411,3.34,35.97,0.2304,0.446
13.05273488486792,77.61246781120042,25.767300777612046,19.025979774730438,4,426,32.5797680145091,0.8084124502581724,0.4331321109408389,14.778722383130058,0.31684494365033,11,11.342279988136148,392.18217507197716,127.27,1124.14,0.0312,0.732
12.979378208791328,77.77464227691799,48.236852948767414,14.02215589817663,1,994,9.960361810988749,0.4537774933630784,0.4689282061956159,11.127461076504321,0.7250931239865422,20,5.181579656070788,198.26418128154785,321.08,1310.92,0.0031,0.595
12.917284308679227,77.4157374162674,19.82612893630421,8.193893751838143,4,196,12.387798264506243,0.6143583748732794,0.4467753700661491,12.7874799235164,0.12099976751206643,0,12.22461310338954,376.94316631505734,113.81,957.37,0.0348,0.785
12.931465818147966,77.44884396560401,2.910804616170668,16.049866126332553,4,612,32.14596793336196,0.8575162386764665,0.21603679962605177,12.620284323059941,0.16870164280374567,22,13.355355012681668,180.80707545414822,15.33,85.07,0.2449,0.863
13.069007382430815,77.58087961131338,2.516833755047833,6.336418147102647,3,315,49.65422982336245,0.6829440936429094,0.6660551273718489,55.390792888870216,0.31579564450825115,12,8.991416610939513,396.72233964211136,3.63,46.63,0.6479,0.639
13.100949811775072,77.77355000701115,20.011351237396603,1.3307732596579556,4,231,39.108156964554986,0.7549664687161223,0.7590669363568263,46.06289539669124,0.5938737676678615,21,9.479424171771644,301.0791060482775,35.96,370.14,0.1082,0.518
13.11663161749034,77.5264624419907,8.841221886696509,18.58012788803783,3,359,12.066141978946208,0.8276377414315366,0.8830927948201628,43.85531830981392,0.6455114854786993,20,13.51282212216531,239.05344410756527,17.44,188.95,0.1627,0.453
13.11584725711782,77.60289392347536,2.1442527200811097,15.34609095187221,3,224,9.625212997015556,0.7354064321662863,0.3121323467061843,36.12864101309047,0.39635617196747486,16,12.756546353260333,284.0171284190815,4.12,46.86,0.5859,0.756
12.836482441219477,77.41662914362016,38.05446708355866,18.53296036352208,4,181,43.44541064311585,0.6780555253455369,0.6353465191814414,49.097630848607594,0.07783915311051404,13,7.88149489033375,181.75935071206203,61.28,485.56,0.0642,0.723
12.997768121881032,77.45933728038484,23.467627435212645,1.895574383816309,3,382,22.76501344815371,0.8247299990714414,0.2064065125390263,17.78239963807954,0.3736346520927243,13,8.23976106561539,182.25215725343998,87.35,458.7,0.034,0.805
12.823023504006658,77.79465204918354,15.172993826660072,20.253751440105,3,782,7.715587338579618,0.8092941248025405,0.2760749181685836,29.59705948942187,0.6887675159591515,15,11.788782323905966,134.06636315304814,35.01,257.1,0.0833,0.683
13.019811552929495,77.78604747857442,45.10407596780755,15.249102600834977,3,158,43.248359742774966,0.7409106801282253,0.24336939536479446,34.50021253821718,0.6709954611303159,16,10.631980924481612,134.21508931161964,87.99,676.37,0.0337,0.701
12.97661220054935,77.40197599237376,6.690809049825755,13.958093066390724,2,643,40.98852529279881,0.5518525893673507,0.7803824272123896,15.520474883836313,0.16019641320544276,5,6.62229571096497,204.3015224406734,35.96,166.75,0.0541,0.64
13.15508167310332,77.7807247141693,47.84002261881064,15.366123106634227,3,260,49.21141183096101,0.5840684645401901,0.2648476511020825,30.97568546687585,0.007783970268967155,6,8.099299092291664,328.8566433689115,104.94,962.64,0.0283,0.892
12.940366005020831,77.6556479751262,16.38436915149029,20.881964677972373,2,383,45.57744064892151,0.9793069842188682,0.773162385247032,25.825088963131016,0.7529816172961168,0,13.999832768786542,282.3913502794487,52.78,477.79,0.0372,0.465
12.846826806571043,77.747167317808,44.53177994312538,14.499539650854862,2,205,42.73772659436654,0.37867015260406806,0.3996997635284667,11.779107289673131,0.10636816638524371,14,11.881744367222634,130.77536809930623,272.17,1122.33,0.0073,0.808
12.857196672821134,77.58189594225354,30.544200947493614,14.361858737428124,3,204,3.5761454927391543,0.4879534420769847,0.9021703685575517,16.836770136461762,0.0823491439642855,19,14.859743176855195,355.67095749277325,157.95,1390.18,0.0189,0.614
13.104604252686988,77.6062384114317,41.50866062733289,23.785620612512613,3,538,6.116353105407783,0.644681231443035,0.8505199906910514,48.20184115837359,0.002701216834163467,20,12.670125299807694,280.41028809701993,73.64,870.08,0.0402,0.659
13.047287225326505,77.59553863210277,49.21664499731275,18.404793842577064,2,327,28.88017652090202,0.8857107803006501,0.9662641739802214,10.901895475232223,0.43260132595692724,17,14.419744321435902,388.2566730354339,401.74,3309.33,0.005,0.484
12.840449070449116,77.66674570301844,15.13186645311854,11.172757525376111,2,799,27.042483067809222,0.4145729646108095,0.9070096123664255,56.71266495481806,0.5032639009008144,12,7.161885738704754,301.0556402233623,23.27,225.13,0.0824,0.486
12.833642722446,77.45586050190254,48.09563878497205,17.27013100075734,3,681,23.44019750998724,0.4938682326872269,0.9466635352930779,14.321231622361871,0.6376640461485906,23,12.714848748169256,152.5524591112543,296.88,1366.36,0.0101,0.43
13.080387652583648,77.41198943594908,20.084612850218598,9.952300848911134,3,417,20.442676945314627,0.3460587524566673,0.8869939172106462,49.96190471017291,0.29606384071258585,1,5.202175201477974,242.13500869234667,34.82,245.0,0.0838,0.556
12.829105202545678,77.52317197663648,19.890083332109192,6.264135637120477,4,563,22.129313758352115,0.7941896862355728,0.7547055204918844,54.93082704717354,0.71042471638678,18,11.707600217115338,294.5492792641612,29.92,379.75,0.1294,0.485
13.128744023716141,77.68187230509466,17.67896810847078,14.727593168418467,2,901,28.895598772604966,0.4667466048329313,0.3362073217003488,57.05677924252235,0.16933185740694157,14,9.692822781202413,108.4794103149933,21.72,210.63,0.088,0.815
13.082496890862599,77.48074138084918,27.528972760031674,22.348188256620883,2,698,1.1017493624039791,0.5720723254696654,0.41736601508327437,53.37385117479863,0.8319900531103473,11,8.467600719200686,104.47307924644237,37.4,298.23,0.0521,0.583
12.83253951225676,77.66937297332997,8.553107115745867,22.370208960355644,4,981,13.774729932509757,0.6105910129207675,0.3701815729042185,24.37750197127216,0.5718483288904456,14,13.62404352293089,138.82090017957037,24.95,174.25,0.1541,0.68
12.833935085634078,77.7879648184429,28.131862782542548,8.863821396426278,2,973,26.395706313746842,0.9239197549245188,0.6828686301265645,26.654356566923852,0.5838898233720484,17,13.542676926575307,175.4993305136412,84.95,629.46,0.0233,0.552
13.19465583140047,77.43756028631577,27.543535808090198,13.136581723098985,1,571,36.38858883500866,0.5879312032318658,0.6028959503788811,31.327284930503797,0.20977541377910813,13,5.223017048986436,228.86473705620267,68.66,405.76,0.0144,0.696
12.949708318302449,77.66904084729005,38.33318881763863,5.867625667106807,2,155,9.53367792737442,0.40165751394067434,0.8936639977267389,16.964834470355044,0.07410874930038824,5,11.09505122449431,246.23214212793653,196.15,1230.28,0.0101,0.62
12.948256858826756,77.57750008772183,41.84884813494169,23.89951551847432,4,724,27.797177515584213,0.6670204568380846,0.9621382931992606,11.113622753361193,0.46472480308067143,11,8.678322243209564,141.40828268136903,334.62,1151.81,0.0119,0.476
13.125119826903001,77.747256901751,22.581626165308776,23.56571188096252,1,112,36.008524510403305,0.9740705962540408,0.5238879116945154,53.45608071405173,0.615611951922359,19,9.156610015004492,302.0174737347493,31.99,367.8,0.0303,0.606
13.178899430953543,77.47085991577896,15.814329218223193,15.938705383271289,3,539,22.78675523778133,0.7253799487355677,0.6050804426246499,37.70643581052282,0.0950464586616856,22,13.320407392187759,278.8414185089605,32.78,362.99,0.0888,0.729
13.194400425529148,77.67705038089046,13.707409968537629,19.501523372581886,4,117,2.3269755498325013,0.9883710543224007,0.9772130854433114,40.436147108910816,0.9505344745281666,5,8.098397715276782,188.33922965234808,30.28,206.06,0.1279,0.324
13.101351274103576,77.73524611585924,10.536567998538725,17.4473037095251,4,793,23.0141397648162,0.8887751162572091,0.4209911532985149,56.34942374088977,0.9804143602328068,8,14.4304881063762,104.0979650305876,13.58,175.61,0.2743,0.537
12.950503834212366,77.77784568778961,3.824731527752219,14.642639037907768,3,212,15.525799499463503,0.32517602934938894,0.833912620287051,43.25600890568079,0.545456695392492,3,6.796338263721408,123.29437460598723,7.52,41.45,0.3521,0.503
12.833400286679469,77.67329921131586,17.779950962900955,2.227003930744647,4,328,46.55283077736509,0.7608797167639292,0.38019192186819706,44.54267521699067,0.9500691552734062,16,11.627224233681778,217.50843265325182,28.5,310.05,0.1356,0.563
13.110858766370974,77.59886990560337,14.24213691440838,11.459579878711205,2,270,7.106055898238041,0.5007368142905185,0.7451680923402175,49.34843242183711,0.17944523758085307,1,11.721050670137647,146.19230534970518,23.77,224.85,0.0807,0.648
13.023361699894322,77.64713889608049,48.354451907453964,16.520084949850443,3,394,32.971321819854374,0.6917317989513067,0.40289250211085137,15.81742249287019,0.025420685179524893,15,7.521951614279182,213.04588184439126,220.37,1146.2,0.0136,0.831
12.96968880369879,77.74756199379148,28.327732486252152,16.583227119324746,4,288,3.5832685503905566,0.49554163365185855,0.9069867110651095,28.008107660689575,0.03940953529038993,23,8.247506089672019,288.45478135310657,88.2,657.66,0.0448,0.625
13.162541754037894,77.62824389865553,18.01657491249487,9.581820223714823,3,525,22.86235145282213,0.5442092916237032,0.6491823549893414,58.41039638516831,0.5875124794267791,13,13.347984925799404,264.1712283637851,24.51,348.4,0.1176,0.564
12.844478992922461,77.41215482387874,29.442912448691104,22.658915693134702,3,178,28.14499487378395,0.9462180982279256,0.34874691269950764,56.14650390503033,0.06164188343682353,7,12.618052549549525,169.35276494121825,36.95,475.81,0.0791,0.842
12.997050041716344,77.7723794782028,7.82063836593908,4.849211741445963,3,757,15.599791634526408,0.4446502294241937,0.37949534055878886,54.20376481550924,0.9585456068240871,13,8.290958803147596,203.14674737762573,10.3,99.71,0.2655,0.561
12.804541457906968,77.67581070041263,22.75814371090794,12.508267262957894,1,281,23.298706140498837,0.9118763826180813,0.5950793565664803,32.60442551694862,0.14193321075939858,1,10.339565469349338,284.2093595345952,54.34,492.71,0.0181,0.719
12.98746425679765,77.6706053543109,31.685481749632128,16.890331460668925,4,598,9.014135931979181,0.32132046564934774,0.9692816204599031,52.859647679340284,0.30472280605297863,15,5.616802962530954,358.2565084130346,53.4,496.82,0.0735,0.521
12.822521310272736,77.48627006095909,24.955993757830118,17.03412353551161,1,897,15.902068623933772,0.36361357685875384,0.8157137311069236,12.41979409728828,0.8225178019983485,3,7.087458823986292,325.96403162166314,169.73,1098.97,0.0059,0.427
12.847527166507229,77.66355418809306,20.68716123206189,15.918696005682758,4,861,31.434209920599947,0.8982725289689844,0.5906477142606761,17.425871212855874,0.21874032310409308,0,9.85820558860399,266.02000805002444,92.26,612.99,0.0429,0.698
12.847010498710842,77.55754576226167,49.698571056085214,7.3316289093927836,2,965,15.7882027371966,0.7413892216364366,0.47017531564977366,30.698384924202706,0.2429684584545706,22,5.859737352792116,208.68789949494587,119.97,708.49,0.0165,0.739
13.059684120846425,77.6604931908166,44.135423345297426,4.592751079792306,2,925,45.087410842034714,0.8230652966276852,0.6394147946787541,34.16960333410632,0.6423089557910182,19,13.433323548919375,209.51538326254163,102.28,950.04,0.0194,0.552
13.09841795170617,77.4426372121232,31.546891949812565,15.62662751701435,2,807,31.791940924408497,0.44659236957529796,0.7986886667428958,23.175357676042843,0.2760860884892623,13,12.180062101076478,363.8251930793188,114.29,1077.27,0.0173,0.598
13.033347506038863,77.66313812184121,28.899490697931856,14.783948671207067,4,934,22.493801903363238,0.6759584189130724,0.8271428707622401,27.823833542389373,0.21744763400770029,7,14.436336706484948,111.77307281216392,88.09,581.3,0.0449,0.604
13.184869019389817,77.79976549030826,31.412363511404617,5.1251882366525425,3,170,2.899089842154941,0.8160534564999133,0.45968703847755576,18.138805051268438,0.2541777143056575,2,11.934669059640271,396.3947933260783,127.79,1219.15,0.0233,0.74
12.949948231809481,77.41928481554423,10.86429328329923,17.218200348122956,3,347,25.47786842502889,0.7391198959071836,0.7769274145711018,34.45670158579536,0.4906474993407268,4,14.404013722621855,299.3126232554687,26.27,287.54,0.11,0.542
12.914284834512745,77.79086967368852,20.36174941995161,11.468955809874098,1,245,38.47403586412937,0.6301891368238466,0.7262310240289489,49.69216464339306,0.9660998727314821,5,10.54512555690965,304.34130972171715,33.51,384.69,0.029,0.42
13.147439651275784,77.56276318428915,2.9335171116540666,16.358493606872518,1,717,14.012322302608268,0.9718486505064003,0.9672898335970352,43.06801968306529,0.8322379415612283,21,11.002186110619693,111.39935119142265,6.06,43.53,0.1416,0.363
12.889438335407782,77.7483013801349,24.301755836854507,20.259442834713465,2,874,40.5319049127896,0.7733101334174117,0.9448722324064118,15.389612368277064,0.28461026456017713,7,14.769710546262608,281.6587824673817,139.51,1013.83,0.0142,0.537
13.185289015776243,77.7129541936233,27.608204613925494,4.9037538572692325,1,395,13.338531536493193,0.9354255601688666,0.8315034604828617,34.3790801698358,0.36337320849809773,5,11.421291468642604,245.4334180271341,68.22,594.38,0.0144,0.558
12.804861789875927,77.62680650439466,12.15973706905727,1.4403319639272436,4,681,41.363573009589224,0.8108393581015769,0.7787157510839429,44.88231913898625,0.4645122505040774,5,5.307865688607466,131.7336720682201,22.58,114.12,0.1696,0.549
13.187951530683055,77.69537968370054,48.23741351111018,18.919359487103097,4,569,5.178148738972193,0.8148244700183782,0.4192332717634207,36.49476482769706,0.9789296470169904,3,12.238027766305233,183.37660323080772,95.93,883.52,0.0413,0.539
12.817263964780231,77.75140622452054,45.56327593592486,15.023040778510167,1,605,43.443001734582445,0.3560127888303755,0.8767722048788267,29.583779826777448,0.1723904683357157,6,14.054686921374156,367.0943368640954,132.92,1453.61,0.0075,0.598
13.156457245479228,77.56165612866042,36.385018537339384,17.0917101013088,1,292,25.460136095733194,0.5516252352977604,0.5420045629706929,41.09572106419391,0.35748310349188284,23,12.955802497943267,264.99652475978587,67.52,769.61,0.0146,0.676
13.011080443634519,77.5308132646253,27.135944809502767,20.277564424738777,1,167,15.530341891392839,0.9008585847037609,0.4177924340048358,58.431933265013775,0.729426093982715,18,10.838332726254226,224.0249725521726,33.68,419.86,0.0288,0.614
13.197185918447719,77.66703735422543,43.628488822736564,19.464651500963512,1,593,13.99054927034229,0.46282270350412913,0.50732860636277,14.745395488303899,0.9639437342689433,6,11.713035130935163,121.80464675224329,222.56,962.84,0.0045,0.508
12.82951862589416,77.7231383767765,7.401964847349682,23.101163379362966,2,916,22.16851738758777,0.3808541063095263,0.8687483920132064,29.500803037378034,0.15567521276423768,2,14.901917892516718,314.2364582206917,21.59,223.38,0.0885,0.606
13.021541713760529,77.70491405391064,39.73497991946937,13.32650681359872,2,151,49.953425407078605,0.5282742396471554,0.318906572462308,30.33029265230478,0.22737995419434576,7,5.906620885093384,310.8552470188098,91.14,706.89,0.0217,0.804
13.18772101424764,77.71912545954345,7.116219884375567,12.235399551177823,1,981,11.796042278441545,0.45430651942482975,0.564926992895858,38.84836552341855,0.22569467439043023,0,11.672448286332395,284.213082091769,14.1,149.85,0.0662,0.706
13.00923913766806,77.57423332592518,39.91632246492087,10.243405597486792,4,462,6.057615795070982,0.9477017363552085,0.5938860756235917,17.608730094095897,0.02093202949207351,0,7.833976945705938,253.07879386619476,176.4,1056.76,0.0225,0.756
13.051759455254105,77.72713368647001,14.512610844316491,4.534893985416705,2,896,29.666723267214433,0.9075766494014919,0.22930375807905554,18.832151493523476,0.6041156249809495,13,11.400903965861701,230.1353206622118,51.54,363.14,0.0381,0.727
13.078299475593846,77.44808362214825,43.977438469891254,14.169966356286515,4,573,24.9385808555726,0.649778261198033,0.3565968236385323,24.268069299892733,0.6707030741458938,5,11.076235758839388,277.9813278963977,128.12,1080.69,0.031,0.656
12.981816425907109,77.61779563918434,47.25806259744449,7.371288059497512,3,945,26.68561728210206,0.3429407121387076,0.8613939428606852,57.79350216342598,0.6025258901252534,9,6.534568321081621,170.018635518522,70.19,507.7,0.0421,0.475
13.051023232033625,77.40230346419925,8.291002500850666,22.190072780898436,4,620,33.679835460303636,0.8001936422652094,0.8646139108758086,46.70542906154513,0.07132298941281434,13,7.067466457402391,382.3777192532943,15.26,155.85,0.246,0.633
13.03372572476924,77.52983433196012,23.67110464820428,14.413388498373244,1,862,14.090059423661817,0.7363882119353852,0.4339320671073984,43.08466508457516,0.0692301257456317,3,11.216295780432135,276.63835875406886,40.12,450.48,0.0243,0.806
13.160463204196395,77.54658461394857,49.06838152997157,14.635324151686534,3,530,45.62258477381054,0.9793882695099472,0.8999177876783411,50.847884369713114,0.21038655449412402,5,6.2822994730377415,193.35773330631298,83.95,578.8,0.0353,0.577
12.818178552136583,77.5584690766437,24.686964362684183,9.16326720017123,2,943,22.347931239992228,0.6912672681892638,0.8174263512546782,16.378823445834648,0.2902945156989146,15,7.6518087513032285,234.90395526554718,127.4,687.68,0.0156,0.586
12.912385275836893,77.67818688267594,43.31382860321271,2.1957550954872724,2,397,7.325223561980627,0.5354756063820365,0.5343259870363275,52.966640986187585,0.7865436559100474,20,13.352455477380024,341.7054366630677,62.17,932.41,0.0317,0.55
13.180164593630623,77.55542324050813,29.84784458443467,1.7301066035787382,3,534,37.37263907996327,0.663315185504989,0.7987250755240303,39.741635694375205,0.15939026574892112,0,8.270915060016385,148.48481821908922,63.06,402.93,0.0468,0.633
13.156105513556366,77.57947744904901,19.39116548806049,10.736708315523543,4,795,32.51211327827466,0.9854843039831613,0.9690677049558449,26.76645037294677,0.044092216397532136,5,9.88060156269663,187.85068673807814,64.53,393.63,0.061,0.599
12.982262701114285,77.49501765234973,15.00339422076764,2.9450036962364705,2,790,16.47142672171782,0.7874537027731213,0.5671757744522791,50.792762787284516,0.39398750771305513,8,14.411403351458404,303.8524068209666,22.75,331.43,0.0842,0.655
13.048053039120614,77.54930071665174,10.957931463218276,14.9574799774232,1,297,31.454417477668375,0.7703832965489357,0.3907417431627869,50.128226717431204,0.4163921701419203,14,7.271490888369463,194.64676194466716,15.68,130.55,0.06,0.719
12.910952473192454,77.49090785090526,38.32811137750716,21.26237912971212,3,227,11.773235862079867,0.46847711280811977,0.9534532000401248,52.285429085836356,0.45090733818895423,11,8.896260173580103,337.7505045584398,64.95,706.59,0.0455,0.483
12.875248463889506,77.42927836950739,19.940484834328366,21.30704077993061,1,631,22.79712860768595,0.8205217622924323,0.6829954308506052,15.775895005349108,0.8269035440269685,2,11.064577755435456,139.13604615320824,101.74,456.56,0.0097,0.479
12.985479361975992,77.64137943735255,26.052497647836805,16.158044433041347,3,510,45.07121358619894,0.8251902806302402,0.28421212998434026,58.4680622497888,0.09800541487094172,10,12.553389295039722,328.80585113638256,30.53,494.35,0.0951,0.857
12.941340891210421,77.667285119422,25.123948520057915,5.858332123877413,2,939,7.543177424876721,0.5221022886431337,0.6581462526853517,57.981307689486556,0.7039420824219621,14,14.016533867127052,120.50551445516987,34.55,421.54,0.0563,0.526
13.03346244474035,77.64779613840385,29.28667243242343,20.848927121254057,4,164,19.94812604938564,0.6385996826734992,0.600464711558639,27.873482275087078,0.33794557104529077,2,14.154729875735152,103.77778380024843,81.97,556.32,0.0482,0.658
12.831093854785994,77.58539761752023,43.41328013560306,21.380149012203788,3,793,41.23597881129702,0.5062223330583192,0.8844711152604507,13.294700910595981,0.30998013643546996,13,12.76640074372623,369.4670556496486,282.57,2294.24,0.0106,0.553
13.189757923066466,77.55191431207169,49.05622783558804,5.52303245391805,3,340,48.50505407090273,0.48109354922700065,0.6245561518108171,18.352783473439285,0.9325431260859799,1,7.283308365933104,274.4017650796896,210.46,1319.8,0.0142,0.47
13.19448429779184,77.74533345982873,20.97162622011703,17.960799972725578,1,468,23.242380684668,0.3181272491746396,0.4041859474754268,59.64154127223485,0.24846852441674205,3,5.2480933004256585,205.54806912604346,25.36,196.94,0.0379,0.764
13.079264685607898,77.60763271405449,41.54842718320885,7.589949625323828,2,635,25.842981387024025,0.49964822125733244,0.7405152510919109,38.150647158583155,0.6425318353393663,18,8.837739303556237,169.77839108915512,89.54,620.56,0.0221,0.511
13.014438546537647,77.59167275105189,38.461861938081164,19.46072718411738,1,483,29.036426127404717,0.6877789649147923,0.6340603620284642,27.8310899413026,0.2751277573760921,11,6.415488509878234,285.06573497824485,109.21,765.62,0.0091,0.664
12.923811046514531,77.41025682632258,29.102918621323088,23.93647169778286,2,530,46.68505894005183,0.30112083128432016,0.38643570261349797,24.41013469250194,0.5071438826403851,1,12.10387647438298,252.70065506102145,85.36,711.77,0.0232,0.693
13.125518007882778,77.53649913105046,47.846310036984725,1.6905981225760347,1,182,43.05213275787446,0.4982533586667672,0.6589022863543263,22.84958676554738,0.7862928925962779,16,11.611305868257169,397.47933265899553,167.03,1662.07,0.006,0.501
13.073892469021551,77.55207824751434,10.823251260891736,21.639414913191434,3,930,9.359455106460572,0.9169872326262749,0.857228462311749,43.2076382527241,0.8817225235162606,2,5.439716416214548,394.9647959961237,21.47,200.21,0.1335,0.393
12.865046775737957,77.55952911235876,6.3539463051714495,15.320502272769135,1,796,22.401133074506674,0.7155540095751526,0.22285673417920837,30.969391575984297,0.8386972402950503,9,13.365937791309511,290.5073698424829,13.68,151.16,0.0681,0.659
13.164370873797536,77.63206894769094,42.844136380815684,23.387800240790888,4,927,23.73602098162489,0.7255039768566862,0.7046808309160895,58.27053496843058,0.5821807361446398,15,7.487432662911822,232.86115183176716,59.66,552.33,0.0659,0.543
13.129014897169267,77.61344101869075,22.518341015053668,11.695218903107834,2,710,39.66570947078908,0.5823550135184472,0.47966815662751366,44.19215153226807,0.24881631533822213,21,9.322270754910422,247.34229074039862,37.91,366.2,0.0514,0.733
13.179919965316769,77.64316203711738,42.501473856145964,20.489922403141595,2,673,30.54175124766633,0.7735305004446877,0.4341371566075394,49.60222955244806,0.6612333832618658,8,11.679337354557424,304.7437198710586,62.57,814.19,0.0315,0.628
13.090287803355343,77.70595330461686,44.76142005457533,2.4350635777603764,3,385,33.05680263942163,0.4329529363612514,0.5140702002888891,24.637077429157998,0.709905045779608,10,9.294187868522533,130.4723632706144,137.03,714.0,0.0217,0.581
13.045366078374316,77.72519429548643,4.0604220873345005,8.711418151800801,2,633,49.911795475615264,0.8731227672689341,0.4736181313983854,13.959320455431293,0.010691990113501415,20,9.412878027999433,198.50562214321545,21.59,109.65,0.0885,0.807
12.967297214516247,77.6872492304906,44.28977338631697,2.5413803682778293,4,558,4.67304213003064,0.3816823839551299,0.8657912853667533,34.39114186909406,0.4392105109318746,14,5.656279953357403,122.58167230108116,110.72,476.72,0.0358,0.522
13.173091393341604,77.78220947838197,22.967633713101687,23.43289207001862,1,311,11.927481353152917,0.7592009482571764,0.41983824861432045,25.729077327311366,0.8432620428217643,2,9.014435492600038,122.00822785507587,64.8,338.81,0.0152,0.579
13.146425555800162,77.40729303307054,26.011191961207377,19.790399867252244,3,225,20.986900931205795,0.5388045280737781,0.7865224184852684,20.104158250396182,0.4895875962430474,15,12.648478932199835,158.75177256827013,108.16,615.18,0.0275,0.539
12.818087468042476,77.47831119427342,31.703033043567302,20.608590688657323,4,512,18.041337749395474,0.8232590794077337,0.275247856182871,57.63210654004307,0.31137544216332114,20,14.151763371865977,245.57597637796806,37.55,602.34,0.1038,0.796
12.810546789798902,77.40302514999127,46.39274772977425,22.573200322979567,2,598,2.0606325060021957,0.684835185886214,0.9611170979875325,32.199410717101514,0.8717977710246627,20,9.134971370633718,335.4322963488368,127.99,1139.33,0.0155,0.354
12.95058534675122,77.65898988566184,1.9366886270584374,2.957380180755063,2,524,5.497102717087616,0.6166471269351013,0.6978533097988415,18.735429602439282,0.1558806975298057,20,9.235858268790789,245.64876734976175,8.37,52.15,0.2134,0.674
13.124221332312732,77.75921221958,24.365329947573038,9.868744627806667,4,653,34.366711278775234,0.4185956814652729,0.7653748616356482,19.932532634056955,0.20644523241620039,11,12.026271063236521,200.6429831682609,101.41,632.14,0.0391,0.632
13.194910451725978,77.49739291863052,34.698380079097475,2.633802448012049,1,709,44.086898704765474,0.7457750249990469,0.4384314656755608,24.0354871232297,0.6873723669361333,22,14.427720011052767,124.70589710102743,105.61,720.12,0.0094,0.618
12.860166756441412,77.77081381791852,36.4126409272132,5.848241335650658,1,642,26.197123552032902,0.9823388903942891,0.5296772549664917,59.96581340948564,0.352435941526575,4,7.670609402393602,265.08865695493887,46.08,482.9,0.0212,0.682
13.037652286140855,77.42410695611584,34.93408914531829,6.275412871866465,3,257,27.420362896168015,0.8779223974349104,0.37902270901678103,23.400575025979865,0.7130168357337789,6,9.401442065379369,181.38057594495302,106.55,650.53,0.0279,0.634
12.95235634265241,77.7737744107222,7.5873213409979705,11.78946585409431,2,211,13.499578208786591,0.3420057348123082,0.9460288686417793,26.44009022892268,0.1577036212594919,8,12.959732435523012,284.48025337514423,25.36,218.57,0.0759,0.574
13.187965759125841,77.54064907489585,15.67038383021238,7.17692985143378,4,501,38.62594181805186,0.5633605648528337,0.5904835576811022,42.96640639920007,0.25226908960084593,20,11.096935693740384,393.1563217397255,28.34,359.59,0.1363,0.688
13.136847569254282,77.4405683313797,18.57706074543366,3.322496456808505,1,858,37.83793478099556,0.9479081064331902,0.7043584925263919,24.698068820514912,0.15664737836363352,17,6.105863439639547,133.39429644326503,61.02,249.09,0.0161,0.671
13.135331481884455,77.59434870367453,40.41742317629574,4.852295049164477,3,221,29.829918771665174,0.6521306232899149,0.7874176244245723,20.79021255298467,0.9529103135635096,20,11.277327355622656,163.63761961658196,162.57,899.18,0.0183,0.399
12.987477263917988,77.5027106270882,14.659233748313099,4.387337961698091,2,372,11.420550039055799,0.7634782780657254,0.4968848728796312,17.931859332479934,0.4054039608509241,7,6.867462845973269,241.9283614298124,61.24,347.6,0.0321,0.68
12.965927800935066,77.51394916078478,11.324543229492955,23.38076635198286,2,393,5.753892693617383,0.9388195419139733,0.7760813236313131,25.63413325138961,0.337219909910226,11,10.102159340784041,390.58414460377884,36.79,353.9,0.0529,0.588
12.909362828772283,77.52291598597051,47.91495293286671,18.463727659124892,3,497,4.147690216999169,0.9116562832939163,0.7407939918050721,15.295784481438677,0.014202156170764701,19,10.291032676604384,331.5429328809987,257.57,1916.35,0.0116,0.699
12.822550198660371,77.72121035913307,1.434300970559976,23.258513701199924,3,570,30.04210726550101,0.6512742628783577,0.7645274670991573,10.932329320739145,0.1534175794108874,1,13.762033622249849,369.46875794884903,10.88,86.74,0.2525,0.648
13.145888950502021,77.6156645106701,49.893221928416935,11.114031189681896,1,306,41.4267306379972,0.6063524118603214,0.5913839201636903,50.232084866733864,0.4211358562424995,9,9.624942740124382,200.11445454273786,77.22,737.77,0.0128,0.637
13.12516040365203,77.5245230796624,34.16424364401239,7.4024750782411015,4,209,43.05819115726532,0.5377848329357109,0.5063499058332936,16.89474712072883,0.06850279257189407,18,7.794424222358942,397.6115421335784,152.05,1273.9,0.0261,0.777
13.199887069314451,77.64413351332436,41.594995673006736,19.360743535811295,2,539,23.717481642829043,0.8033136102140237,0.37766575056719187,48.79884249076211,0.5107393295062169,8,7.309663482160316,130.8498448192472,60.8,436.64,0.0324,0.696
13.198654734829562,77.68646026968928,15.436350420963464,8.503840114946376,4,377,39.42929366602913,0.5008907596300802,0.8597010822407143,49.87712394933299,0.4550154384644478,23,13.74251876684336,115.89187181383025,26.55,263.42,0.1452,0.52
13.02217268224105,77.50904960029342,1.7014486056859388,7.885817595223011,2,667,47.39712962071016,0.47492132450163005,0.686680037225343,36.89597631646215,0.767168140344352,7,6.710108544182284,356.6807881162084,3.72,33.53,0.4237,0.495
13.107594966072204,77.56541964061014,37.155606409514974,6.347637820780117,2,986,14.483335511915332,0.549374926222646,0.555481756877996,25.48409791564757,0.6598027014003166,23,9.258685608831438,378.17946106209587,111.78,1048.56,0.0177,0.58
13.17790629195297,77.44875443733478,41.87308525303311,3.9826164991574133,4,668,20.500056972657102,0.4240505398151544,0.9551967253684892,17.251636687494422,0.4459473053205738,23,6.87173114926947,127.17560726383053,215.19,743.86,0.0185,0.484
13.139858956270965,77.47245973981387,37.283330465722436,6.898650403385617,3,581,46.64247063723735,0.7865838711620371,0.23827105000563106,46.84025533604996,0.22466070010507144,23,12.733040401143754,134.02822802375243,53.45,594.13,0.0551,0.837
12.89893924069728,77.67244714158599,7.999664077741091,9.172354214899418,1,902,17.57331739854696,0.7313684545314285,0.8801375561640381,40.069349299089296,0.7268635660178063,0,9.74372639974619,109.95224732673215,17.25,109.56,0.0548,0.43
12.980217654124038,77.47257533907826,37.91796819059149,16.5018667873518,2,213,45.77993822576802,0.6380149738810905,0.998066074356778,42.7726728246782,0.7078621034542042,5,8.511436905568122,131.35226879281723,79.73,497.28,0.0248,0.388
12.851663766060598,77.61006535346682,38.67721632327441,2.4389913710473863,3,992,49.07119825046882,0.5732280454830883,0.9095536887062938,10.433454492256551,0.15329616051538741,11,8.610996406264668,162.82594504008426,323.57,1211.14,0.0092,0.59
13.181620410903488,77.68361850468898,33.26848526783269,5.841659612302887,2,996,33.428725700146806,0.9363437800277119,0.8483492684925003,56.37585078539123,0.9147518314254027,23,13.522142067229794,391.0229856730003,50.43,778.52,0.0389,0.386
13.042469853780352,77.4427507692379,38.539680706983724,19.607543726708556,1,919,41.02762418570425,0.32038664949237367,0.49944479472505976,13.314509372327512,0.06440511601504317,18,10.537739542944381,300.3580666719041,217.04,1492.62,0.0046,0.781
12.891457122201386,77.62692488785156,42.450150544208874,4.379204242426727,2,952,37.727732646833175,0.8383754204551093,0.3850513458098348,28.340294257000284,0.0550377088927162,16,12.178678511312636,333.5659076555626,107.18,1112.85,0.0185,0.829
13.068680273762343,77.50262511348055,31.06660159763546,8.880838370017996,1,576,35.277178623160665,0.9313367002242221,0.7878804163996809,30.13558248258501,0.187350417662427,1,13.970385162506846,332.84182110745667,86.22,912.31,0.0115,0.629
13.047251296183159,77.78517075009503,5.341630984514274,20.887155202737222,1,809,16.039622576080397,0.6124482056009481,0.44366029303085475,10.067776224897443,0.9094607980487712,10,14.01741676040642,260.5221249337644,38.9,243.78,0.0251,0.55
12.943265087213137,77.59341825868798,24.89376267369333,4.563282156299181,2,420,3.797622557489242,0.6854833440294528,0.34083174572397656,34.85446546753985,0.5199981240369218,17,8.285090543378631,339.24669331390515,50.16,489.86,0.0391,0.708
12.845423036879852,77.72239701991006,4.804817398908648,2.9029472192183676,2,278,17.809534893462878,0.9611245815174265,0.829220709682873,47.640449725550496,0.7879409206729001,22,14.524512631463853,278.74225971699093,8.56,109.55,0.2092,0.432
13.06862927823712,77.62009061686251,20.969608520589112,12.144373886840249,1,996,33.679863274991426,0.4485942606998601,0.45003492178937776,51.16343265573861,0.2278431880765006,21,5.248758820146055,194.36382928100727,30.12,207.64,0.0321,0.752
13.008123080361518,77.41736501314193,20.948217967155752,7.955648759406337,3,318,6.023930713162267,0.6640943934492793,0.9315533835898708,53.96984966529422,0.49022197465374084,10,8.768355610161656,268.3330326305202,34.14,336.36,0.0854,0.48
13.108927356694256,77.6532605502376,4.234482362871837,13.958392383128645,4,888,1.5839811659338625,0.6323047889897491,0.8725061158553002,34.38594341576847,0.35828946362388225,17,13.957988575088416,260.05257584035405,10.61,105.09,0.3445,0.544
13.008065400444798,77.78056133688266,18.092206164504486,19.48751248111993,1,627,7.844926257543994,0.48087485350925907,0.8781122636074041,41.53180952648252,0.8278286070661927,7,7.746368798169829,347.0359161277962,37.61,357.68,0.0259,0.4
13.140872600127416,77.64064472805853,6.438906840774427,4.154415227513093,2,591,36.07106039412897,0.8730152612611755,0.817255780844661,13.975985664824938,0.022604439359226625,14,7.730814503213184,394.5181652144977,38.94,305.82,0.0501,0.666
13.020762735509795,77.72767554377072,40.603525290451884,14.356078944748555,2,990,48.666891381165755,0.9297204163342649,0.9047051390197893,34.40191121408749,0.24384272996610534,8,8.026222850818886,223.31276962627916,102.85,708.69,0.0193,0.565
13.024375188614155,77.75368258533936,47.43671327225907,12.62670148896687,3,160,49.170170281126204,0.8473528058517461,0.8445975137424961,17.740787743586765,0.15257422430237877,14,11.123133848469223,329.0172035324079,228.18,1778.9,0.0131,0.616
13.150661441063338,77.49123190877958,4.543507287638992,4.31381207830359,4,153,25.204978307869208,0.43675127259402585,0.6820090908597829,28.482155881126072,0.8591890387215694,6,9.383327756143538,129.92890121144006,12.84,70.44,0.289,0.469
12.961393146484959,77.48481793596329,47.80064515729337,15.351965167166595,1,779,43.598262748625025,0.3607240448509671,0.4366581748654905,26.465265643229966,0.4675438496937657,19,12.267348363533426,333.0494108344866,132.03,1319.26,0.0075,0.685
12.853606091380257,77.6443923955404,26.606253367500514,7.293729610797747,1,637,37.1044963318237,0.7238111397137397,0.9105673545713193,31.17702886207541,0.4042200438932162,12,13.949106425646658,211.42507359796963,74.52,633.72,0.0132,0.515
12.811513070525336,77.56441138792269,15.678718219739821,12.220189326512287,4,947,25.55097161224557,0.33996633235691875,0.8724828982185535,38.58183089870663,0.44948276210107985,12,11.741993749428605,111.81704886690599,35.02,249.36,0.111,0.516
13.102054902269447,77.73594452114669,4.766241688532012,2.8922634583724234,1,164,29.06526611479925,0.7709781219906588,0.5783034577684361,55.14383235314979,0.9719245507023352,0,7.044667201975755,208.97385356865317,6.69,56.88,0.13,0.477
13.048123820541386,77.7600092493592,25.530589135450473,11.57043331591333,4,711,7.7241301842266825,0.6712969542290699,0.23126294880156417,29.724231567375266,0.8502673943359241,19,14.326819023605022,283.1928252764934,57.49,637.12,0.0684,0.652
13.08163190723969,77.54136855172109,39.93126168004669,8.048659764984867,2,685,46.94541157021301,0.7639500129205645,0.7108349819215307,59.056559785577534,0.7063687718503076,3,7.644928733474785,135.77505030443996,54.99,429.71,0.0357,0.504
12.885185664603565,77.4947482235898,35.64723738606821,19.91476785726315,4,803,18.24455876585706,0.7131195415548208,0.2404774829412654,47.95140240256014,0.2904789592232546,23,6.498942953281581,377.2103477290764,49.97,545.82,0.0785,0.817
12.854548590234709,77.71221020609754,3.4610745617347143,2.3105107209394706,1,270,22.861313566401307,0.5958917986690209,0.9410239694787259,35.57405233941916,0.16517299951844777,3,5.8996727886096085,123.30172398185158,8.58,38.05,0.1044,0.574
12.805817866267153,77.50992241421926,4.572189933027272,10.627967323121588,4,372,33.91135131889704,0.44061402609815975,0.9693050053002457,42.2013218555972,0.9214336290244534,3,10.633837406661655,379.00201594994985,9.65,109.58,0.3756,0.336
12.94023502352264,77.72904572740546,20.740790848999218,11.543922755023074,3,988,17.361221104801142,0.513991495067342,0.3515921167196834,15.111208556597225,0.42307552279648286,12,6.137624624806518,312.14125538070596,96.83,631.04,0.0307,0.732
13.035967074741853,77.56949530145951,15.46923420834922,17.67513975487973,2,798,13.458698888457596,0.6671504019532835,0.7411115024439281,52.22607656568274,0.27875579946862916,1,6.387758841126308,198.9136526242611,24.36,179.57,0.0789,0.62
12.956897618039893,77.66701995971658,12.386831829746344,14.208614227074854,2,634,31.92142027024081,0.7563076655533241,0.2738152036502102,39.11787275319829,0.47092082641763544,22,8.000304805954967,217.22510431272798,21.6,177.3,0.0885,0.749
12.974989968809492,77.43821412553388,14.769220446526965,16.345883755466165,4,490,2.2242200318106233,0.8456381118191698,0.7836135428584978,59.30337401048009,0.9178474228203521,14,7.816530096844638,322.2428094198233,20.8,227.15,0.1835,0.411
13.161663477797498,77.64954372987063,40.37065442154735,18.872133569990392,1,792,36.315530489307264,0.8370195029143426,0.4778301329221397,41.82143718764245,0.3870673133912932,3,11.042395103321423,280.44133026436225,71.76,781.2,0.0137,0.693
12.93930218680932,77.5807070714949,46.53217462796084,20.830668394138343,3,426,26.18714512394898,0.9808821202827598,0.7448400893843563,51.70557916331625,0.5626409972480995,5,13.167452794726815,301.4928764364836,74.11,985.1,0.0399,0.533
13.005595795663924,77.6346433852702,20.850032031850755,8.21913642461682,2,207,30.681932795525785,0.5000890140643866,0.4983012073617423,49.98813713976199,0.8029663011085668,2,12.613496562028924,216.749384954044,31.26,375.92,0.062,0.56
13.113461205096456,77.46720568309794,45.39943910449236,13.374522223369768,2,946,31.96212780309737,0.34977749574940575,0.3164540078665886,27.273057573413443,0.4271325310483912,6,7.624844547164767,246.3440445422797,115.68,821.11,0.0171,0.745
12.958617112928508,77.69474949797767,16.753289361146216,20.322485804101596,1,261,26.82545766813562,0.5419598548793014,0.5248879844020463,22.98053126166058,0.2335418019263683,5,7.453104979859799,396.96024521136803,55.22,490.2,0.0178,0.72
13.048834680091149,77.7451188310173,24.34541233084579,23.757376012196296,1,913,29.544155094596064,0.8203061326568537,0.29013882130783203,31.5246791715755,0.9945257483830334,2,14.657915301069677,164.1768611499153,53.06,502.04,0.0185,0.586
13.144945483498697,77.48669592003631,12.075420892983987,21.458944154006552,3,551,34.505621843603855,0.6066781557233065,0.6615066199815567,33.36206722044186,0.9565708574521596,3,5.082362415919601,225.35685595663944,28.9,169.92,0.1003,0.448
13.179808249463056,77.43828582220807,32.383326066616355,9.543747040360666,4,305,37.90282351180403,0.8724519014125935,0.23276122571958383,22.004235096832193,0.843479169125514,9,13.797205330602157,187.5469562721902,98.58,754.94,0.0402,0.654
12.858829392371616,77.40945543441855,48.97007464356564,5.488829896028959,1,689,36.64516717301991,0.6845284556302105,0.6218557436798877,54.729893667548595,0.6883738793859225,20,6.99728519122405,329.53345313195496,70.38,729.2,0.014,0.545
13.170635050064597,77.65678860017731,30.571161706125555,12.256028360351541,4,115,43.61120642888083,0.950854205841352,0.9090949176764327,37.127393115032305,0.29486562806969696,8,14.472843230897679,329.2037876997162,71.86,836.73,0.0549,0.548
12.996846517231816,77.6428376144355,18.532890121563895,18.05775339222897,3,426,10.282728225202735,0.9635044093993481,0.8702986160954902,58.92221960767848,0.913412938164032,5,8.423072848275197,187.73363829921877,27.08,240.83,0.1068,0.378
12.903297755319583,77.61867896508564,32.743054853535895,12.329088627325845,4,707,20.65625050509808,0.34851315421312407,0.9062253597011976,50.500888902313164,0.27555667012122875,19,9.403517738932523,124.41709498989488,56.53,425.12,0.0695,0.555
12.983654302495305,77.4927788384464,7.023113244803991,12.113159856214375,2,758,47.4420072347084,0.619489407798697,0.9376390417016858,37.7852430195973,0.8008094946768325,10,12.07120613944381,103.42980300166121,16.38,113.01,0.1151,0.385
13.19201303011419,77.55636239836221,44.54429493300454,20.279299684881412,4,101,20.432938144930155,0.7267823428746976,0.2836223103005554,57.35201390721796,0.9182581679413063,6,10.876690514732603,228.23515997274566,53.21,686.9,0.0738,0.611
12.997047237597148,77.63779053407447,25.65111358821198,9.312286918545286,3,109,7.118633768390211,0.4791107785685489,0.30299776230057046,35.243740754765355,0.6030038404299115,17,8.179393297068227,223.10127830073128,50.29,396.81,0.0585,0.698
12.931500644115003,77.59870674354367,23.01813735994246,20.77527752066785,3,533,26.746811191746797,0.5849537455652861,0.6456054450505029,54.355325625933524,0.8030562178911789,3,10.538309158678235,396.51696359195887,33.61,464.69,0.0867,0.501
13.053360341726691,77.79511420808595,29.70737463422244,10.356510421889642,3,224,6.365057655168646,0.7743770787823887,0.9151781347395433,27.907239059790275,0.7916950992017466,4,12.307068843628862,240.94062270930388,93.1,739.47,0.0319,0.396
12.896058247511277,77.4545759010227,31.61440927668072,8.549361430601806,4,180,10.939808697665395,0.45871395882885296,0.9794795652192245,28.932119170204704,0.19315775112097988,3,5.423349459024921,176.9255108726262,97.67,459.46,0.0405,0.55
12.830345331243466,77.67805782161903,4.517014505099138,11.441767957593077,2,584,49.91761907197688,0.7213869470821166,0.23700953387199997,30.90653414854656,0.6679244735960846,3,5.111993052557041,367.3688323094402,9.81,83.16,0.185,0.705
12.851551888764261,77.56172750724171,34.44824383994672,18.536280049521974,1,751,27.526769281410466,0.7882134797150142,0.4846192673605281,37.3312822971623,0.09346793690444355,12,9.580669390728913,247.32038489607353,68.78,613.55,0.0143,0.778
12.851218335583109,77.57127984597025,12.85465233546095,3.8980466408718684,2,937,14.918861062981021,0.3633474177671067,0.37031540372799476,37.6745135099412,0.5078501431374813,15,6.3183661780351414,279.75269056317336,24.26,194.33,0.0792,0.7
12.860761077404918,77.68703910626327,35.9836789928229,5.5176419650563995,4,249,49.743972774121396,0.6482705212192169,0.8047726791449985,34.81994608385421,0.1622355481405775,13,11.643442914647144,128.7006131284638,86.96,605.5,0.0455,0.629
12.855530869059764,77.67697446052975,41.30420492482564,22.883230990251114,4,899,48.36138700920202,0.48415602094693355,0.7121550948296256,25.300048679158373,0.4163494987964317,10,7.140524562274342,214.8749221989322,132.83,770.63,0.0299,0.59
13.056349897921285,77.79650239748088,40.39396687007349,5.036307429771219,1,972,22.596213013128914,0.8070704491986311,0.29591042518707633,56.36032323954155,0.8329820746984377,1,9.32851106795671,383.267102342136,49.37,692.18,0.0199,0.632
12.872752033759658,77.45135771578165,28.072547402986565,14.057728312414255,4,439,13.759752330607512,0.4326888559758583,0.5868176538919772,39.42930486746271,0.9871678396302044,21,6.976709368742689,276.85161525262765,55.25,450.79,0.0711,0.469
12.938266913329546,77.44164385975367,26.488324723226807,14.324232733224571,3,228,42.08158226651731,0.9245665408766743,0.7483524178970331,30.386960809579747,0.3179598316596177,13,10.484835857491245,203.3505565427385,71.87,521.31,0.0412,0.605
13.158715363962404,77.68973552685149,8.000922105631174,12.26136262715563,3,537,36.0654151316175,0.6016589355628288,0.8232043151392301,42.55884803718091,0.5319556987831766,23,6.160534593845689,287.7001541894779,15.92,125.63,0.1773,0.511
12.98958465610515,77.63135476680256,38.991961369753646,15.829140717266828,3,850,34.660130315172005,0.4386021212152874,0.21604216782720684,48.39833789049026,0.5112980243704885,23,5.231068527874802,373.12332687343485,53.56,537.04,0.055,0.76
13.06702309540841,77.50966426662393,14.299059641889004,6.286014693345224,3,600,44.76257332480115,0.6066152574452305,0.9123756591871119,58.03640441141216,0.954401509831066,6,5.511316381066972,182.197180141777,21.53,144.19,0.1332,0.349
12.868927948480652,77.4317677475956,25.33807571807938,13.711232158865208,3,157,34.78143955969491,0.5861206339659695,0.6554251063604195,34.97745811337913,0.4785837324327735,10,14.5425844151531,251.5350155412023,57.71,610.42,0.0511,0.594
12.876915607523468,77.43426329983858,14.929430553448318,9.559984870678635,4,297,14.906099209035908,0.6002432716455972,0.8495272919679238,15.60492551753794,0.6991062053996978,3,6.422862186109358,387.6071961735266,81.79,624.26,0.0483,0.45
12.816347446506592,77.75767634986565,7.5575897869849635,16.218346971471348,1,310,34.99929493191088,0.7098929054482128,0.8463504240114268,32.03829007182706,0.9217892331085261,6,12.084782531368353,151.7188429895358,20.14,142.26,0.0473,0.385
12.867574025228866,77.4767469298875,31.84832714769509,4.248141497582438,1,144,15.984862052899533,0.6648216074394762,0.35188212821677534,33.94852807267357,0.37337855953684007,15,5.679262042228262,315.89917767901346,66.19,529.36,0.0149,0.747
12.911436135612783,77.52934862484621,3.6622697063222875,14.130180587307953,3,196,38.202710003192756,0.40484399217663186,0.2881376962029065,54.8497039092837,0.9021222382453876,5,6.081603522351822,284.3443024608947,4.58,43.98,0.5376,0.614
12.870804193710699,77.4906625608908,37.6836164721838,5.261218173816445,4,378,31.367644870086735,0.3459053508526454,0.7770298151790613,29.740038423147656,0.9174562218910135,5,10.088762514093347,303.90253934219044,105.56,914.85,0.0375,0.414
12.835481013502823,77.54199852233278,16.561752967794718,7.408790451645837,2,634,4.793166047252779,0.8105908141085783,0.32514153505729526,57.66621324435692,0.9306625039671307,1,9.648709301543438,205.36588920027089,20.03,228.36,0.0951,0.591
12.848254348440241,77.42776953709844,1.0065999572197808,6.030325407442414,2,509,26.12893275932196,0.6918022051498194,0.8799499931237791,34.256595385716736,0.2704461854714264,23,14.515803094398695,194.16381204512948,2.54,22.83,0.565,0.567
12.984311507213091,77.60762391636331,26.04532782262426,5.205268936982794,4,560,17.821747490591306,0.5513005376554846,0.7809515870896842,58.68902504894644,0.4003555942699585,7,14.448354530207373,305.26290117651115,37.02,564.66,0.1052,0.568
12.882533487362318,77.4270450254369,3.295743517852553,19.99135188589534,3,490,17.09996100388242,0.8658504757486516,0.87346029149221,10.40991605654811,0.8703959082257019,6,12.796086425424651,164.6629855313636,27.29,117.07,0.106,0.389
12.94570794441923,77.72014260312895,14.532308333224075,7.571274056200478,1,946,30.510558816485606,0.5716409319826699,0.4392101436874769,54.94076874031733,0.35916182428041876,23,11.021018301273497,225.89642345770153,19.36,233.05,0.0491,0.717
13.001366908341943,77.49348483276418,35.641847885330094,22.323846982882333,4,143,16.79391639900182,0.8571755627204252,0.45327844832845526,56.556022597167534,0.6002530329335051,13,9.54960317393011,156.4523938158754,46.38,461.3,0.0844,0.639
13.076157931451746,77.61600476584181,4.071791459471427,23.30831008293939,2,126,39.06779366203876,0.5140292892586622,0.7369772450770542,58.05104678826066,0.11805450726005196,8,8.56178534328421,102.49145233699892,5.76,44.7,0.2959,0.67
12.81572485593644,77.75203163502458,42.12758612544411,14.138990808553238,2,893,4.4687803645475475,0.35099170828163984,0.22515676404715804,10.653826708730742,0.056274988111240765,14,14.470875469755555,391.01720801142085,263.96,2329.84,0.0075,0.893
13.119764159563617,77.66035094761888,1.1871762102705723,4.289025821311707,2,196,33.35902436739545,0.9528477856599502,0.7811973970699382,18.58504182751545,0.4119939894921726,21,11.029088114246855,229.5108935969257,5.33,33.48,0.316,0.564
13.051160155796364,77.61318311462054,13.09436959089321,9.614609597730368,3,647,40.65054537918032,0.5761857904969612,0.868626456683681,42.68822515466181,0.5789165325927175,17,10.790725276859945,390.80488432594757,26.4,313.25,0.1095,0.479
12.83270361277955,77.52973350124616,37.3042987514515,19.347842057008922,2,720,33.96875280610107,0.8548848009945644,0.5321308692832832,11.273634586755357,0.39269911335894137,11,7.319011217689148,142.09705593034784,251.36,868.32,0.0079,0.669
13.14943144964271,77.53320076522328,16.497237336736035,9.44998676003262,4,666,25.36423055597979,0.4954008932556131,0.811903064070775,13.180449808825037,0.577735770160842,22,5.4669781788511305,276.2100338372458,105.59,576.27,0.0375,0.502
13.168348960212725,77.66779478207927,5.992727015234663,3.0013960209641413,4,803,47.56504367307288,0.7524555784865592,0.33968873358580953,21.053943684672095,0.515084376171785,18,14.451885797595445,160.29220983737187,19.98,139.98,0.1907,0.71
12.824431183941947,77.79765574448847,18.651462021220965,13.806052951348322,2,318,15.696986000105117,0.9113176112804098,0.4578083150555878,35.62198843719421,0.6857072292860759,12,8.13735258844654,337.0222380889824,38.61,368.65,0.0505,0.611
12.910751059258882,77.66473567593975,14.249271032841751,20.4377795844088,4,284,1.9392264887239112,0.3291508156379862,0.9794439704883819,37.29512796334038,0.6495324310653898,6,9.425890233244587,335.11089662829255,34.15,325.05,0.1138,0.413
13.122480511917225,77.623113366948,42.29288320586719,19.306306904300556,2,168,22.167479201708602,0.8814450352802625,0.9890625388481011,11.713056139675217,0.42424570320658006,9,6.146399435857068,133.78214471179353,323.78,981.88,0.0062,0.477
13.099303876153463,77.6922602040957,16.354047961672013,5.027832222998125,2,928,2.617584859116035,0.69993310348035,0.6100840424172704,18.518362539076556,0.42499524041986325,9,13.36924329909292,373.6193358629167,69.15,649.24,0.0285,0.628
12.873808407742551,77.58608224491348,39.657691117024356,16.473586131486734,1,229,47.74290087379403,0.7252302277359984,0.9474158331711016,34.98528366673277,0.140778340012232,1,5.276318328559306,158.3888941609674,100.23,473.84,0.0099,0.579
12.883739729334685,77.42405693704032,44.701735095726,6.071598059019884,3,666,11.285984241654523,0.6662106005641878,0.6181845424454837,39.69703104717026,0.5132385720964592,13,13.339907620990965,283.89320247680814,88.45,1014.82,0.0335,0.599
12.948188841116552,77.62491872635117,22.257053559249947,6.018773294699962,3,989,39.657424173495095,0.9121325722985496,0.43327050252892585,17.42008482431077,0.5871791281356967,12,6.402850127879668,395.69008602631123,93.27,757.61,0.0318,0.651
12.993809194076409,77.78305011380215,45.58721404886521,21.10365078601926,1,708,38.95403207554388,0.3304033500649462,0.4135194304790175,29.942070597348533,0.4764893973538262,21,13.865641126311521,364.71896042990915,110.24,1302.21,0.009,0.692
13.047301908612118,77.47012117694307,19.48858464419645,6.742385913025293,1,947,11.668716084463743,0.48271987407509365,0.943604564294519,55.22007182584762,0.325707335086999,5,12.297726373361574,386.9691785683507,31.17,440.7,0.0311,0.525
12.94756545582791,77.67600195632826,48.2398424080153,7.054688969914257,3,698,31.440099993528197,0.9130337772014088,0.33795711117908733,59.9449643523086,0.7216485442517359,8,6.6467026250730505,202.77963136543582,56.44,511.38,0.0522,0.648
12.98501388645326,77.48037347546362,5.375186701753074,1.0150279875098898,2,905,3.3558694558360607,0.8266419917723691,0.6637059665614546,59.36072274155706,0.07466164464522407,12,10.65817992859468,131.672692665839,7.24,73.18,0.2427,0.712
13.098988375253501,77.61433107378923,34.66394405865889,21.025387784886906,2,730,24.695154699489507,0.3123516121250241,0.6444200544501757,54.08372551434362,0.9144403697540473,8,8.126563143552195,156.50406198683504,50.85,414.34,0.0386,0.468
12.81467328115624,77.4386705798587,25.196887982389505,19.2296807038101,3,819,1.7177092363518502,0.661904398246796,0.7916973477223961,29.73300439749729,0.020643439545793285,12,6.7823309891158345,250.14846852298416,70.97,466.78,0.0417,0.677
12.90097477773761,77.58014837450328,19.994791467326706,15.428565507085594,2,433,46.13605012886125,0.6707008764988723,0.5993943260198198,44.32871460373921,0.9623501334382779,4,13.591821994111084,337.9689034819967,35.17,469.87,0.0553,0.472
13.085339834353821,77.7024653315581,32.00288205868144,18.256112570593373,1,253,48.828215185779015,0.5806174945895373,0.4178285285665074,30.829611389209933,0.46235560093466244,13,9.035227665072295,145.04609325516256,75.3,471.19,0.0131,0.694
13.15808273507488,77.53902860969559,35.48899749008223,4.497117050763311,2,646,11.891855565290678,0.5081753324433927,0.33551719970526284,42.42635134121014,0.4126699440035412,4,8.985437143653826,297.9194596782271,58.61,609.9,0.0336,0.742
13.004670976846267,77.66596468979489,1.2138002128651453,11.541442675514235,2,178,11.197195695222266,0.7772073952886394,0.6966550428047135,25.471623548474163,0.2564440174631881,8,6.6988667480662,197.07328121185355,3.86,20.81,0.4115,0.644
13.012845394106126,77.7181799843159,9.180701348612738,9.078045909021961,4,678,37.932288651544354,0.44545332529332765,0.7751926054825866,40.310112680516596,0.010071134832283168,7,8.830656760857787,202.36062171764604,18.96,145.02,0.2004,0.687
12.842868804535911,77.77087112779178,35.939256481081614,3.156860103911379,4,954,13.41559054263739,0.8592639934501942,0.6556170229456262,36.18792482764249,0.27479026442179977,6,13.716168463288502,298.5753190473779,79.12,886.67,0.0499,0.655
12.978964946729382,77.49385683274218,33.65288526533212,12.181001159943253,4,512,44.85875139893041,0.8621260125372301,0.7906810216969558,11.224013290659997,0.10939992546033395,7,8.631287104896359,240.09982585996607,251.02,1294.97,0.0159,0.651
13.013046906582009,77.55972636632373,48.336327751305184,22.177011957880612,2,645,29.12252767002613,0.5906830063009743,0.3132169619599681,49.53514518730569,0.6598208426933947,21,14.51603562499788,343.6099879077982,67.72,1089.47,0.0291,0.677
12.896988201453892,77.46096640533217,38.290851722288366,1.921359738165973,3,708,18.188103527505294,0.49848360763675337,0.9059761559545085,10.594891612257781,0.31907497232072624,2,14.463088992083875,146.7755528988481,315.07,1324.55,0.0095,0.542
12.907697292379753,77.79699340086334,47.58786267883556,7.703601010357259,1,268,41.801993571121585,0.49871472711349923,0.6659164067268024,24.657797112665087,0.7671793284036615,22,6.44898659307346,336.98448093011154,154.35,1173.79,0.0064,0.503
12.950913665241849,77.77080038716971,35.42448457520554,5.77344153273118,2,780,25.176928320256366,0.637603926797347,0.3014751415140777,10.296203272700119,0.20691618734611694,23,6.773112535226449,119.27057441722626,237.55,712.15,0.0084,0.817
12.80802847911109,77.61598285211223,15.604558223332715,6.477373034311015,3,762,45.6700127717153,0.803705457324551,0.569540163364588,28.81007066475991,0.9002348574321095,14,13.626740703318891,158.2161640736815,41.75,322.73,0.0702,0.502
12.928831666233272,77.73681331775057,6.162881190291968,21.893994693225633,2,682,46.47269759973967,0.5512080836957012,0.8758333902927291,13.158026408206965,0.5229815151058326,7,8.927609189247192,296.8449143509496,40.41,254.94,0.0483,0.493
12.884579202798617,77.60838319090882,39.309369303901846,11.765588247388672,1,614,9.105587454292056,0.727030341820426,0.9180497547625281,55.67554834156206,0.11450619646898141,0,5.043739822830093,356.47769695332136,61.81,565.5,0.0159,0.598
12.930998940871167,77.6494342752011,32.563311852319885,11.724886497615833,2,413,1.1138469004645835,0.567739122407816,0.4117196039990092,30.78396475814343,0.40084523565347896,6,7.73871819705371,175.80388832180472,76.53,476.24,0.0258,0.715
12.847904852727702,77.43564977284642,3.3611146072715155,18.493239776471494,1,131,49.21261606697771,0.5131662324059683,0.7690126597683624,32.9747887432205,0.20676052406976164,18,10.976289931955598,198.1574817486739,8.47,64.87,0.1056,0.63
13.156210912295958,77.70210816819872,18.642472829147938,4.553320692113294,2,386,45.40073927024649,0.3174016611410559,0.27998819798702135,27.492511804542744,0.1996854261681792,1,12.992659659599681,261.136224486022,46.38,444.07,0.0422,0.828
13.037436981421619,77.4510853934541,47.88319095873002,12.207103144301168,1,693,3.7168165494882293,0.3027398740147734,0.22683669712972626,41.37530771008831,0.5063697376522089,13,6.333886170932596,163.4718419467907,77.31,513.92,0.0128,0.757
13.071640927657796,77.730427052101,25.51965613979986,10.889659924784374,2,142,41.81867893311243,0.4590453744824031,0.6483191630559542,49.22040583091019,0.6718920156363726,17,6.105413644167354,343.34687847625173,41.19,391.52,0.0474,0.539
13.115668495442934,77.71281123506816,22.203727664965527,14.728945882573091,1,716,23.432441695401124,0.5844844007606969,0.7558620634625008,42.407337152448896,0.9116182055034282,14,14.220926535723317,332.09099350172824,43.29,555.36,0.0226,0.424
12.999376879571622,77.68349787909719,23.427280652805404,23.989827174760087,4,100,13.689118646223786,0.8958828171534421,0.8366293849412016,47.41035591975638,0.5021620107636534,13,12.511483678225826,143.5875135897345,42.05,393.74,0.0929,0.515
12.83476811523497,77.41446415220992,11.235253476253023,18.697324563887083,2,672,44.05857966016956,0.8589389700512977,0.4721729907642678,55.298683175463026,0.9658387750583302,23,10.897796007780784,239.14891954498964,15.07,182.51,0.1245,0.521
13.01484261672742,77.52125134237814,19.066651372374967,10.150911169400825,2,369,10.636694387125056,0.4870156838115929,0.2052203283431096,53.177326583571435,0.9416348520733687,18,12.69186789995928,332.4483299963864,23.72,373.42,0.0809,0.635
13.034736447208351,77.50524502796434,19.120849543371655,20.03372020230308,3,279,47.41769997158328,0.4711783100890095,0.583615389689083,43.70292263768479,0.8650625299843604,18,9.288543613066384,201.19885933102444,33.91,291.32,0.0859,0.507
13.098175789673732,77.5440545629886,3.5653959891861478,4.926292356187044,3,835,11.075452897267713,0.4591254497490192,0.2126828362988536,20.73189814522143,0.49997726496241857,21,12.584557473091266,289.9320468153195,11.42,100.05,0.2415,0.765
12.972663818491872,77.43505709870554,38.61081379737799,1.700664785106083,1,617,31.070476198708434,0.5374661383702068,0.27358760853664,41.88514255209644,0.14090394368798353,16,8.718029912745358,115.06393643727182,62.88,457.2,0.0157,0.848
12.851032121118227,77.77478312921242,21.40871716329007,5.70231256667828,2,202,11.931230391919769,0.6487391036931798,0.4613512180253987,35.304154787025546,0.21790446981538492,21,7.440945724926023,282.6066281587954,44.78,370.22,0.0437,0.75
12.91351036231949,77.62152089628495,41.28681445400474,8.829465790627971,1,109,27.737764583463104,0.6070674404221028,0.5497376396481417,45.860961550521004,0.6476700027119756,18,12.290134212929686,145.7958940001821,68.86,674.75,0.0143,0.586
12.945232918559455,77.5222097242632,42.66705205487487,12.743357421569877,4,682,34.51478136584193,0.4527912391470456,0.42357555298371885,51.646582419645746,0.4217549802841961,15,9.196722921572682,349.1749975343354,60.07,741.98,0.0655,0.704
13.05836689653264,77.55879260682971,11.387708680234246,15.147970232447596,3,189,10.32116861018674,0.3913159869605326,0.6654922132037663,47.13607485932087,0.1468016317539964,19,14.813771043261948,206.63483907414354,19.32,235.23,0.1476,0.69
13.028311321867564,77.57888101620193,33.2103206263363,21.9439314959317,1,325,26.523403352333283,0.30880446874033673,0.24427983137447618,52.328058498064266,0.4789939336393104,18,8.49485182308101,184.46615881845872,42.73,413.49,0.0229,0.759
12.942438690359138,77.64023773334425,24.141808403986104,12.726642219660526,1,769,23.98392747511583,0.4077742670665527,0.3156637681916678,13.193318667051193,0.017430545502045924,0,14.217274205310659,352.2666930134455,127.12,1089.57,0.0078,0.869
13.194606099517191,77.6062717710786,44.12768015815277,12.529339826391777,3,839,4.480833648763721,0.7937494591358827,0.7562067206043468,11.581001911873198,0.7338953708995932,18,14.329625485670794,115.04320692154306,315.06,1236.43,0.0095,0.477
13.042309927742755,77.76775678928577,11.571293279646252,2.155589225928589,2,225,41.097083066089844,0.470546998541908,0.3137126828783342,22.925028384979697,0.07358129448969086,6,7.418529470647462,218.98263980030345,35.04,213.73,0.0555,0.852
12.894890716694398,77.59878539316233,34.212846815192165,1.8029657110931476,1,308,17.448437631499242,0.6280212670850569,0.711820161256338,55.03330420543142,0.629113619912119,22,12.982211815880135,211.00106217250942,50.58,622.03,0.0194,0.527
12.840712989048162,77.79686320592933,30.779853990383405,13.676679124076557,3,196,29.154527680042097,0.7139108042462712,0.24374769660269247,51.18296254919869,0.7930103076255994,10,9.330745051445652,185.44011227486527,40.48,412.31,0.0723,0.665
12.861143655673734,77.74056998309804,15.469772401019807,11.078108104711923,2,173,26.224427511723587,0.920788631982125,0.5259058232953123,44.13636488976558,0.13264387445396553,4,14.17524727230348,373.5262996004431,26.56,384.64,0.0726,0.75
12.898383091353804,77.48340420574294,7.693444278907458,20.301149084546868,4,726,26.14976472395167,0.9221985688753935,0.3419275760969459,45.037933371985794,0.5186386906660125,16,9.501242726352388,325.27851805501666,12.0,138.15,0.3077,0.708
12.864272549303823,77.77223808585757,32.93034826338655,4.695630448372439,3,290,6.253897316215885,0.8220136135769514,0.2877090260281492,46.33352346291063,0.7790675143594696,10,12.44303717337366,119.17694925758164,48.78,506.64,0.0603,0.651
12.874626809620523,77.4465465591542,37.191275448484205,1.5743482286921409,1,781,21.750618453217307,0.324609894433951,0.653626226800982,57.13013502423735,0.2606334547570014,23,9.66967409163798,314.40623483048626,51.82,631.17,0.0189,0.66
12.91403806747754,77.72697988339648,16.465739844404148,11.327891662392895,4,918,23.16597120112194,0.7025492933597903,0.9426686176044974,51.60955761537788,0.1629165930016191,7,7.278007557128562,258.1897399386382,28.17,241.06,0.1371,0.574
12.869349438117903,77.55224931739063,32.59679759709337,6.462006805301922,2,815,36.948499177857975,0.8506084295820544,0.24382963833883908,41.16951935135238,0.33681911096745687,9,6.993501289446863,370.2603683204738,53.3,556.88,0.0368,0.801
13.15870616985057,77.75118972817802,20.36141447296366,2.1411305867932615,2,155,42.160922764114225,0.31210163133435426,0.5372433985744274,43.285771762857024,0.5546991765833158,11,9.254311942563456,193.88368520450754,35.81,304.15,0.0543,0.619
12.832093498264657,77.74722267604298,35.94713728084827,17.665760597495467,3,819,27.70413162690088,0.6847792295596047,0.766028350196355,20.687013103056096,0.57527959485475,9,12.55494657014215,272.2485998828749,144.19,1105.57,0.0207,0.521
13.009804555828103,77.72237016004705,10.761548469808602,3.566638999016692,3,652,5.252364749184533,0.9004349020502205,0.5701502653502617,42.865941257813624,0.130876333457687,12,11.050714851807669,250.22658242229582,19.36,199.66,0.1473,0.733
12.964158730795864,77.71601217452282,44.620535129172545,14.991348500178749,3,131,12.605624059230767,0.6318714530895868,0.8451967568841963,31.233950620922926,0.45756884767397166,17,11.886292899005433,246.8682718682817,121.94,1032.09,0.0244,0.525
13.192951446763441,77.52187165563922,15.083070226813406,7.464144253838451,2,626,9.081767315783821,0.3028743420282139,0.34371625269130535,17.648093530287188,0.26828219553948784,9,7.8232635073194245,236.83161985516378,60.09,355.19,0.0327,0.782
12.844815560867222,77.4323677132205,19.021513400051493,4.990409158165507,4,673,7.106138096267112,0.30770935083492523,0.9676753640221925,50.320140962328715,0.8420242180649508,18,9.814353459576054,161.68884265968438,33.65,277.36,0.1154,0.36
12.959142239618297,77.56119207150607,3.8465056519371394,9.7342850271443,2,766,18.92906563227257,0.5916452261896253,0.5081301022180325,35.51235499015728,0.31357513206403076,19,5.44395264969327,326.7129767477178,8.15,65.32,0.2186,0.703
13.187788173310146,77.4694098059946,6.464098403742543,19.433252853127932,1,383,12.24028160556472,0.40850606719172816,0.47325570635542014,58.87125208447108,0.8387045245338596,16,13.175324159581207,235.4008098217866,8.15,117.14,0.1093,0.559
13.146202850357591,77.67798043556098,26.277233232904077,10.018152268805173,2,820,11.696852478764102,0.7651154599652816,0.8996846356025328,24.083967723726246,0.4285646126017921,19,14.898921622398746,387.55488250078173,94.91,1004.55,0.0209,0.512
13.126828828379711,77.53843989061512,14.112041159670603,18.26770193185428,1,931,3.679965554237115,0.7961594854343077,0.6510936255134132,34.03350561525384,0.7265857658264533,15,9.06879062624671,178.2425281578329,32.98,225.95,0.0294,0.522
12.903161130817976,77.79024408034397,41.93853106136753,3.886184826380466,4,593,1.8658321949762602,0.42451585682244,0.6131554735222573,32.399772733443406,0.5100602285441437,4,5.1096365313154335,304.8231518881123,101.47,729.8,0.039,0.602
12.868355034956027,77.65638883093813,1.7199760440927383,18.77374265229682,3,286,6.035643889839308,0.9219733019671394,0.7815823356227447,16.038976121628934,0.6219626241309765,2,6.697926395509474,382.21512389173256,8.95,68.53,0.3015,0.501
13.067457287969772,77.72899222545374,19.575608384924873,6.449466472852919,3,597,9.43767649175802,0.609335491485248,0.6638673906248723,31.305763941538974,0.3953565108613831,14,11.525268777504188,299.0374969048278,49.97,474.66,0.0589,0.616
13.171750395651033,77.45300986909675,17.52993179168554,16.580041987444076,2,541,22.118202713561953,0.3999921353143466,0.33001251580569224,24.377672821046247,0.7682067678074908,1,11.120793182038593,361.3818722852184,50.27,497.72,0.039,0.638
13.022705157205571,77.74480579290905,1.9470539149624506,14.012975761342917,3,229,26.015492803643387,0.8349761186485767,0.7393580982919439,18.016023568346718,0.4251893835736583,12,12.87864719585544,348.2442879271018,8.88,76.62,0.3036,0.577
13.02864507578796,77.76910287620535,7.094051551025001,22.370328495868808,4,738,7.889003990494913,0.8529821500117409,0.3067751034257028,24.107779201806963,0.4574616465858219,21,7.538840109610682,208.03531464670115,20.36,124.07,0.1873,0.74
12.911991637464114,77.59482476752757,21.268491071013127,9.908417913432222,3,391,21.814383734685126,0.7475068308658201,0.8446861642672496,21.662584563319598,0.5176786682309572,7,12.636319155471341,280.03718198184896,83.79,659.83,0.0354,0.507
13.107797173276774,77.64250117510039,25.150364637924884,2.5217993431921304,2,213,17.74569327397044,0.8974258872417871,0.9917892781698168,46.7036765502939,0.8318241183859835,22,11.879840215236698,146.8784019434067,48.33,417.09,0.0405,0.354
12.87481749942301,77.7059239203612,20.810197615488587,1.4405761676788167,4,298,9.987758531399846,0.8161610804214698,0.5019100999798211,11.538758912958006,0.6593789286014649,16,8.228144977138433,260.6577648086799,135.37,759.32,0.0293,0.601
12.929471694561698,77.46993545090417,27.015946242192598,20.01774690237332,1,112,1.3351966592698141,0.9175440160588935,0.5558047185616101,40.87313739566106,0.34916038656574977,3,10.45488148056962,169.12659154430116,50.68,425.3,0.0193,0.673
12.970174575446567,77.60102643058538,30.161452070378395,13.06891966621294,2,370,23.883875459565346,0.6037216339398356,0.23714692438624985,48.03306710118032,0.6703196339815428,18,6.472738084983267,323.1210444857337,42.14,422.17,0.0464,0.704
13.003044151473782,77.55946521110893,1.4862672352639459,18.830613192203835,1,700,34.59693571399477,0.8233179896696097,0.21098655046606263,34.03617282344866,0.6424265730085773,21,9.525645034355826,258.41752656763737,2.9,26.65,0.2564,0.723
12.896963892966033,77.4585495968649,23.74066281322169,6.3917888002648375,4,314,12.087589373046544,0.999826094400331,0.9371354679010622,56.57824900039592,0.9310192758797043,8,13.811973395556409,223.36820878949814,36.97,465.54,0.1053,0.346
12.845934729895681,77.54701376891661,48.21146280349183,8.936926146804375,2,543,7.458534664937289,0.8074518382637335,0.3028992483513537,45.39403476182677,0.84141643602535,22,9.211913798253908,180.63912885009327,73.37,665.01,0.0269,0.626
13.044248016976653,77.4272689237542,26.432581726347887,1.6923890608603356,2,889,44.46509447790113,0.3799286461659925,0.5566229980475763,47.39618256557086,0.6474469237512481,14,13.39566706475422,399.60954455238607,42.77,638.94,0.0457,0.583
12.915452221296103,77.4103247627798,34.19957110548871,23.11432346520458,4,611,14.476213851902092,0.6628231057004281,0.8522836990844491,19.846674372043513,0.3415071106840436,8,10.902533652596944,121.51315626547981,147.45,671.48,0.0269,0.557
13.032495288569045,77.45406651566194,16.28132903792728,16.360961854118706,3,546,11.957018369840574,0.7111434538701196,0.9114550079426558,48.864778791953675,0.7795764488612695,23,6.918767131023568,113.06820417172601,29.1,167.48,0.0997,0.402
12.861745086109682,77.78524604463567,38.925577529485366,22.463717018464042,2,814,42.997750040885876,0.42194747254997367,0.6155181482267742,51.60473680415574,0.575208293062801,20,10.811062446978964,165.17722014815936,59.19,583.77,0.0332,0.581
12.992456040741928,77.619811814358,38.87315261192964,7.106417370868663,2,173,41.0382478591713,0.9740241439246262,0.6520260199807599,28.06331942029948,0.9852699881009016,8,10.059833291570634,391.3217375883459,110.21,1109.85,0.018,0.444
13.013035773020635,77.78632886446128,26.543506335052808,15.0636630581902,1,636,22.968977055707047,0.4229058443442314,0.735747177970618,20.66815340164856,0.24750612856980403,13,8.98641335196384,393.77145049599534,105.4,930.26,0.0094,0.631
12.820729414728971,77.57299915133206,48.82467734068147,16.605499270730668,3,200,24.972704209960952,0.4242905437992559,0.9691059761149723,29.252533960180834,0.07965584093088696,22,6.196304395160704,296.4783204316408,148.67,1037.16,0.02,0.588
12.934641711277568,77.52472645323411,7.151960523370016,8.303643105924534,1,275,11.669686536867077,0.9406169965821884,0.6821359687556041,46.98039845000686,0.06989181188794769,20,9.167086638472298,364.0320001619214,12.25,139.89,0.0755,0.706
12.85376587077559,77.6024567451361,1.8304355795894687,20.50651240535949,1,526,4.836781853498318,0.6256438031851697,0.647580207565077,30.881950293435136,0.6400303883516804,15,5.727623762396271,164.18851925223862,4.71,23.37,0.1751,0.549
12.825349988189108,77.57580467545317,38.7377523760977,22.7847136467057,3,216,29.09815944242739,0.3442317954921613,0.21162730821279255,46.832593761239394,0.9392602289115238,23,5.987690513987513,391.61262825298707,54.88,590.14,0.0537,0.634
13.195984092955978,77.4422658737047,40.550621330879245,21.3516677070081,3,265,5.818901157920443,0.71873124995697,0.2647597616178849,15.678227048876883,0.001931914291505188,22,9.159165329327159,142.8354550418694,175.73,789.75,0.017,0.894
12.928941537989889,77.65633052587609,6.890154226908236,17.998540446605567,4,140,23.01445280087584,0.7212784440431335,0.661737301299197,50.30058552442422,0.7257710469577774,16,8.053814819684638,130.33755645449747,10.94,79.26,0.335,0.518
13.123949778341853,77.48641527300384,14.013558814971697,7.381687633673943,3,528,47.084362727137524,0.34515053108059324,0.9489923102457627,22.66037408211787,0.6570651825329454,12,14.255443258622234,133.66346177418188,54.71,321.65,0.0539,0.423
12.901856261905506,77.64783518195914,1.8600658049648167,7.47716896842953,2,443,47.68888506935863,0.9807657469435633,0.8933530787195161,22.446449385729686,0.7323041922194659,8,8.757058053802705,271.9383769817694,7.19,48.88,0.2442,0.423
13.072601088889572,77.66008043695926,15.37212192824767,23.15728737025887,3,523,12.727282040820572,0.6808209757062029,0.9860631383937637,39.51904826019304,0.35540540676233556,14,12.578581220721002,334.2923202154157,34.85,387.53,0.0837,0.499
13.104091143955873,77.46080994125147,38.88395182201491,1.2365434065209167,4,465,31.581557582237064,0.691857005525835,0.6222672300490193,13.505902287349482,0.8204964446578551,6,10.302475263662426,210.00015336238994,226.49,1193.32,0.0176,0.505
13.038255496243137,77.42453985084427,26.380065857916367,17.469149384569324,4,219,24.229736941285026,0.6640807901516761,0.8303447507502135,11.314886334233428,0.04470693141886195,0,12.040856686423353,393.36879633583794,197.96,1615.49,0.0201,0.654
12.988630475420063,77.71230463442737,18.056684065246117,17.24366173877103,4,708,43.908571251719195,0.727512245751234,0.8723202651914723,23.05143326467246,0.7554311006220276,0,7.601159830153992,230.32604143549884,67.5,396.37,0.0584,0.424
12.964736365658908,77.58392016950773,19.215225450410184,15.32185944184534,3,756,14.300112349526609,0.4850098269416284,0.7184253258646895,36.90337753674113,0.26707194134908774,4,14.41904972838329,145.13456523196487,42.46,379.77,0.069,0.633
12.939547306617198,77.4232655182022,1.0663276600579397,23.772503459997914,3,827,1.1814179347884255,0.5010689435823885,0.4709999233716058,55.38081931126136,0.47683777485807155,23,10.300884969144239,239.790024455841,1.43,16.7,1.2346,0.669
13.171811657699129,77.7979465268679,15.690225850696558,8.17322702256568,1,328,8.96549909063934,0.6579373628572929,0.5759827477262356,52.32175881536534,0.8226362715572205,8,13.313240712852497,303.711149626732,23.17,326.17,0.0414,0.523
13.13224776311509,77.42311222439855,32.6764783402586,8.819352867244708,1,924,18.126617257300506,0.8646800983345055,0.8863336577948542,34.52232299604877,0.271359035191137,11,8.650456934761134,349.6677341513136,81.96,760.31,0.0121,0.564
13.186010764266605,77.67801409154342,48.7355277470015,2.815606267770778,2,229,16.470335358753943,0.3349052035459252,0.4388383407857312,11.852599684674638,0.18520751164389349,5,6.002113490505245,237.63048698697787,300.84,1484.0,0.0066,0.769
12.849718889394218,77.79347157010537,42.505980522211075,11.184357140505961,1,451,39.77678303702141,0.7223829485541722,0.9389945050133188,36.762636731465456,0.6813131853478842,12,11.737116477208488,278.08204781475024,101.94,971.36,0.0097,0.42
13.092346990081458,77.49567204168638,2.156153267630927,7.004116103401506,2,988,34.347472640803055,0.8647446997544197,0.3838450731381321,45.23977999626477,0.5333948915068045,7,5.077596483374245,180.20341364765602,3.41,21.19,0.4535,0.686
13.175336182728415,77.45689974747488,45.02946962906713,8.897894150085817,4,417,15.678259661129966,0.409842090426059,0.7996131321254245,26.958226626251687,0.5144038687461845,14,9.752929765655082,293.77495792165416,140.29,1126.06,0.0283,0.526
12.872493226466265,77.44855397576897,39.37672225163267,20.195151175879435,1,748,23.429447041144456,0.3105157793863964,0.7044473874765906,15.553165164082735,0.25676951553791316,5,6.928019026664592,395.7915831851031,205.41,1627.8,0.0048,0.641
12.826598506946711,77.52131005902704,39.23843005497804,22.5161438111324,3,935,5.682396093958426,0.5188993065990206,0.7996795528966099,23.928397660282968,0.03488030582002766,5,11.27375504435362,114.71607177633815,137.73,705.7,0.0216,0.67
13.096448259716023,77.44041832440426,23.441792191175004,5.271860656119269,1,436,45.009175796184934,0.7117005947107187,0.5498780579460758,48.5794432233907,0.41026913833171685,3,14.794198731378522,365.95920121155035,36.91,571.93,0.0264,0.657
13.029789245271965,77.67686453667766,20.502259354770636,9.567705425729715,2,372,46.83581639797817,0.3967982213833234,0.9461128500431877,27.562191614166416,0.10655948046776798,10,9.64402906320646,268.6847508302568,65.74,492.11,0.03,0.59
13.136731510703308,77.42491671925202,15.84287071282644,22.358502928654065,1,216,49.010373233665966,0.5982856596807398,0.705977761929182,50.599074534285506,0.9059891506492022,20,13.174982565256666,175.62959786868998,25.42,283.14,0.0379,0.446
12.855908950650516,77.60376885125991,4.219048088763923,2.4215945958521203,4,917,43.559088708506046,0.6866250481619945,0.43063664364340504,25.97607259037379,0.04125032347173052,17,10.07784186951121,386.4669130027774,11.84,118.78,0.3115,0.815
13.118106924743955,77.79867874154118,12.183532811191256,3.124292146561706,3,467,9.52408349711505,0.719218166330122,0.710764056521715,18.17775192069091,0.4316508541843814,2,9.95840031104024,245.00629091766967,54.51,343.92,0.054,0.586
12.880650928019099,77.72558810780241,13.083578113923206,4.744192751743276,2,193,3.263627676879813,0.4920882047002626,0.42945259776562494,31.79241797568041,0.05224558370082788,2,14.304234931787779,199.50707550201568,29.99,286.87,0.0645,0.813
12.865462377146283,77.6460877752924,24.719776415799878,14.68989518491812,3,267,29.400239643221024,0.5800207451904039,0.4349059134078994,32.613725614456946,0.09554387456476632,11,13.899658687466815,154.44928848125235,55.37,486.13,0.0532,0.797
12.865706319172398,77.52250144831464,37.624775923238005,4.4608622331379415,3,814,45.71764631727241,0.844837460347291,0.5196788092966944,10.805410927466848,0.658866666922022,20,12.858004651879744,173.33566307699863,263.21,1244.17,0.0114,0.594
13.125829888092552,77.64955833451666,24.216681591499384,23.26575677336687,2,440,9.690216721327399,0.9588502858844798,0.8819443340552953,15.852253635316307,0.6471112609740945,20,7.962557533167841,349.85471247743277,132.08,962.97,0.015,0.453
13.06607888827848,77.61081658556466,3.8343780229108697,11.274434126945968,3,760,1.3451028165829513,0.9033162317827801,0.6002382995151936,19.24630093864087,0.03305219487943978,5,10.450084157239406,284.32300279514976,15.54,113.71,0.1814,0.75
13.009226169907647,77.57043335355615,47.93170024842199,12.534913088053827,3,794,40.46930625557997,0.6949984512134023,0.743120673784166,15.679365868933743,0.0011314751208701956,20,7.23897233305685,373.97368584649485,251.57,1914.99,0.0119,0.702
12.943532193649402,77.45228415069609,47.1934916356115,6.673148163524349,1,251,4.762988530049967,0.5872049620607626,0.5135741922195705,27.07630377106819,0.078818077242784,5,9.439166980465398,169.59053564733574,131.43,816.96,0.0076,0.771
13.150880216325243,77.75464168609618,39.47428761427201,11.83208580599887,3,685,21.27159556359149,0.5330696300599927,0.4108843518455052,58.2311427808509,0.7629988977119422,7,9.842130657597906,136.34157215467044,49.03,499.92,0.06,0.607
12.956978042969054,77.57991385952853,49.575067176646805,16.224013550651264,3,976,34.265479522250466,0.3874695962588126,0.963712128572985,35.4611269163539,0.5845764727515071,14,13.31640040169331,101.82625929267701,124.3,871.11,0.0239,0.439
13.12663977578863,77.47784900472831,27.679634307212883,18.277074149942983,3,373,12.603081687352827,0.37458587305127905,0.6828649976984501,41.37780119353232,0.038118245188491606,17,13.960283653249931,252.35861128479814,53.84,612.87,0.0547,0.715
12.975653963428087,77.54710374035092,48.1756491624071,18.338965902328,3,653,5.114165608889609,0.7818503374395603,0.9471610708661746,27.81932392615141,0.4880970158728273,19,9.146200623964779,399.49207911459644,153.11,1460.06,0.0195,0.475
12.950777771769964,77.56565190101158,4.7046469902207875,14.291495591964031,2,595,38.731040194335606,0.4818560913198122,0.36273040175865207,26.174388082157304,0.7120293570544514,15,5.177044450732372,308.4895806455917,12.74,89.86,0.1456,0.641
12.985071914267843,77.73101515822675,18.918356664807195,21.800274824858715,4,823,31.87857915946503,0.47826318050271277,0.31751533113034625,11.157338595750417,0.8689513946008063,5,13.617738397893547,192.51837758954383,117.89,635.89,0.0336,0.612
12.920551149665657,77.69344575222456,12.043682132331526,19.800380488040517,1,200,49.436033739853436,0.99873653813445,0.884658325699123,35.016682783801116,0.9340364906590105,20,6.742786785013607,363.0575749078515,29.76,261.28,0.0325,0.366
13.0990437520705,77.70772195745654,10.595821122579231,18.412106638068384,3,656,17.871093632678004,0.4315481705116567,0.7447337700938013,34.180450337583316,0.32744056295406665,16,11.218819638903934,334.5166797963879,25.53,261.21,0.1131,0.604
13.001088156036992,77.40441250577146,7.899344495741128,2.2789269986505944,3,181,4.026356928219785,0.40364183164218076,0.34926279940291305,17.89153630905615,0.1358324284132657,8,5.249709004341312,104.62454982296178,31.12,95.73,0.0934,0.82
12.892885078058727,77.5664615992719,31.498268436733838,1.1581931310519342,2,628,36.983151731429494,0.36907965943194443,0.41548776053083025,48.216200010335186,0.23692592073144747,18,8.995064752605643,345.05814416230675,47.34,555.58,0.0414,0.763
13.159829829309826,77.59253766065413,39.28477093161795,5.886287375495878,4,172,26.564937523809036,0.7058637416167572,0.8405311532202491,34.63371651555015,0.7761714920402237,17,14.859603021153498,190.15802717154878,96.66,890.1,0.041,0.431
12.953556488549285,77.40767691072922,29.33662157159767,16.2610426600094,3,113,11.446992638067618,0.7395046782014709,0.5630948959967489,26.949698508078665,0.9714842150423106,22,6.0069360110380305,144.90203937508034,83.7,378.36,0.0354,0.483
13.017421144445596,77.50392528349802,8.201172769822275,10.457542244298553,2,532,39.30472046123321,0.5556595483798173,0.7364324052048727,17.345445451146347,0.46639361736038054,4,9.236931519996423,167.89925192112236,38.81,184.36,0.0502,0.566
13.162588844385818,77.70411592924886,40.745064726740075,10.25534396388417,1,256,10.984018806647244,0.6747893348580274,0.4546816177088087,37.60804134855062,0.30535321354778977,5,8.071499501899522,240.5739413125417,79.78,648.76,0.0124,0.727
13.049695198365598,77.4548438822916,32.161780651022696,21.345498429281115,1,834,13.772421086813893,0.8518796716614387,0.5049839622199014,47.64085130444049,0.42919058196003446,11,14.050881233882643,227.4603781204033,50.73,644.22,0.0193,0.669
12.846759216283345,77.61412405258103,20.02011960022278,21.59794550703229,3,231,5.533899163969238,0.8726729178252237,0.9925700468984842,24.099967634248586,0.30481314464513243,10,13.693401079073551,186.66618981226804,74.58,506.17,0.0397,0.512
13.17593284944539,77.4860807488069,34.03238448126709,21.911031073232472,3,437,20.572181672511867,0.9705384530009538,0.39809366973977484,20.939717578836127,0.2564875232071543,15,7.376987603062288,151.6654966621098,116.93,546.63,0.0254,0.764
13.051083221228566,77.40484830985756,13.73534398289881,8.21919575984563,4,503,21.527531972933527,0.876987590146012,0.6051651016292112,36.09674820322885,0.5937507524071796,19,5.811877870504311,328.6692368926508,29.74,242.74,0.1301,0.58
12.933962245862835,77.49648058303983,17.914418216216315,16.89428369300302,4,475,26.213527727066623,0.6953890057021985,0.8755218745524258,17.767165125500846,0.0157359803735444,16,11.271383940611175,397.03293512047514,86.98,777.49,0.0455,0.645
12.855708829065355,77.79034950196402,45.956806313467524,7.247563169310502,3,987,35.7392490890651,0.42575987608579213,0.3913785709326864,43.33066932971425,0.25955224866498816,19,8.363687118837097,333.33747412590714,76.09,807.1,0.0389,0.766
13.117610075708118,77.7206148447532,15.234720777899598,5.384026160712345,2,658,45.39894550534086,0.3698344903919897,0.5321710053474646,40.26718139721152,0.661382077844989,8,11.72084390606063,188.78109030146237,28.74,268.99,0.0672,0.589
13.048029102371405,77.78383065772842,24.029425139738894,5.246546518989492,4,206,7.7489708455026225,0.3381583229376014,0.6920730298959907,14.35410247957143,0.03206269630680503,0,5.3211975606781445,173.44268842364,135.2,518.69,0.0294,0.714
13.01338443679053,77.59514161757055,44.61691573240472,8.868475279862663,3,719,3.663056819084196,0.7665680822497686,0.5849505211800821,11.826018969068693,0.08320181650893499,2,6.333992351774894,165.29976281978148,292.57,1088.63,0.0102,0.741
13.157557033220382,77.44389447947101,35.67834616310885,10.8890252549359,4,364,1.908030446122331,0.8652753787785952,0.5676018132562539,41.014432629429244,0.2933961447857848,20,11.863722327726434,141.0085223467109,67.01,580.76,0.0588,0.685
13.115438884489812,77.61918379558948,4.047958082070435,20.11183093426657,3,304,8.037447525371997,0.6560787654788554,0.49000778505769893,24.71468869943704,0.8778047986089849,22,7.123706553024977,265.39916490769036,12.23,82.93,0.2268,0.541
12.860669951893101,77.58175093382398,8.217849169669547,3.757495149872378,1,178,33.23952480329967,0.33829992238354795,0.66931706221994,14.322287658669927,0.7648861601652962,8,13.575876757624016,281.62011158600325,45.95,327.24,0.0213,0.503
12.924688827118219,77.73774283309585,1.384237947823924,17.903294490082565,3,254,36.64637682182833,0.6748294022139367,0.6994981583388882,47.971435247824324,0.022156629416243523,21,5.585908877101354,311.6507981989412,2.34,19.89,0.8982,0.714
12.899395655925787,77.43923303231371,31.915167721229007,13.223463026354024,1,882,39.53877996287799,0.9550244830671852,0.7226316327210902,25.702200150882206,0.5017128166884919,18,7.154819827855746,304.0640112801004,101.42,742.32,0.0098,0.56
13.09757851702907,77.59529645480872,22.9359978451105,7.622742881547827,4,346,12.94170238331279,0.7183292336527223,0.2562944863248235,32.97997748191118,0.27468749398741676,12,14.985602484850686,187.69999338501475,47.07,490.96,0.0832,0.815
12.813412973894312,77.4600194658776,7.579467694211501,12.334850444254966,3,630,15.988845849814476,0.8665992419239703,0.7048273405696392,21.84064637268846,0.648645659062063,22,9.330761025867925,199.09330161905396,28.16,164.16,0.1029,0.523
13.027955873948526,77.52987037075603,47.93877193178175,7.8986676048715205,4,957,24.673597632709473,0.8601068538742254,0.9625897430249863,41.36585391789823,0.7215538825934612,13,12.029656635446436,304.45436063270137,103.0,1099.33,0.0385,0.398
13.104983474296276,77.69494283095511,26.953326473335373,14.709884970481038,1,637,4.095971746151099,0.9524903698464569,0.6327889884224669,25.074420767717974,0.8628625771292825,19,6.826630488570137,204.8342922350885,84.9,473.84,0.0116,0.488
13.1507062547047,77.59040725174751,12.85277141153157,10.978410225670617,3,828,30.945934637351062,0.8391601359549112,0.7722136660073955,58.40104806138142,0.47541623710401426,18,11.098687349855378,163.78695688579393,18.3,192.6,0.1554,0.548
12.936832699486363,77.55035531405831,25.52957498658067,4.781327168814211,4,253,49.20301665011213,0.8233903598091628,0.6453858462073743,45.147377430845324,0.9944500885455845,22,12.261060683694184,212.30084610902185,44.88,471.82,0.0872,0.444
13.128502921868805,77.55779051142801,34.30139630402028,3.6814107147810247,1,253,18.679509257522124,0.46387186547944836,0.8837924948735829,16.83611381867329,0.9799861072871093,6,8.144766358665105,181.6252472733933,176.26,812.93,0.0056,0.352
12.844252694782083,77.5837787073624,4.73572168070466,13.574000687658993,4,785,37.88952627947781,0.341947608724757,0.9436664756780553,30.83474198367334,0.8821667244710332,3,13.288971119758777,126.49381636557334,13.56,91.52,0.2747,0.358
13.138580916693806,77.71400661753482,14.460486937346708,21.755499765580378,2,191,25.50166186291079,0.6623196255376653,0.34737591943708745,29.27105498649393,0.5748694951580708,11,11.034175784722834,349.041670682996,34.79,361.95,0.0559,0.689
12.850995464932794,77.75683387557609,40.541309053315686,8.911026790826767,1,532,7.262780373658754,0.38710394556272865,0.5494880292457013,36.71235553601916,0.39800643750381504,22,8.891230096150302,355.93341674711087,84.46,861.5,0.0117,0.661
12.958914916224147,77.78213387460157,23.5235786497304,17.859002466120334,1,437,29.52963499132673,0.9735371133945938,0.513905680746177,52.096533723962665,0.36438631013978495,13,10.576423933431585,165.92509005006383,34.05,342.96,0.0285,0.685
13.11891814631182,77.71476135450212,27.78227995958245,16.149211163614638,1,579,15.693839153759182,0.50294733384312,0.5241720986394229,39.171100759150086,0.012124750087744829,1,10.767608474359243,119.43165985756053,53.71,406.06,0.0183,0.787
12.85996697093951,77.52616275829921,22.207984108263993,22.425763029118063,3,792,2.6857572142194535,0.897060942369005,0.3004193449823007,13.077833879999964,0.2491744972423665,0,6.65535292693866,321.64823120535385,117.19,776.03,0.0254,0.805
12.891700558093056,77.67525388243462,3.151097189507251,19.88256339788024,3,230,32.111556775769444,0.5713372376417215,0.8508925807845755,42.77078484014275,0.7188082349491646,17,9.027323698669662,163.4585877590241,6.3,45.61,0.411,0.444
13.088901027357226,77.57504124962216,9.121739211187641,14.03192095482565,3,549,43.08768511691165,0.5262359749001642,0.2286129944119482,10.413264897292919,0.6036320998930665,19,8.43430588019493,218.03064683105808,58.57,289.77,0.0504,0.727
13.08801461461843,77.50186824881843,22.831540298352653,16.11170145938447,2,909,17.893718578093832,0.9546110006636348,0.6225812861817255,48.99802302701965,0.9164221891675336,7,9.009027225791261,119.24057567121497,36.66,278.55,0.0531,0.476
13.056459053154118,77.73634863177037,11.250087804988462,21.6628887314328,2,886,20.124481813425753,0.5543258004603568,0.729502710435753,43.3318036205621,0.05002226691655787,2,12.611105884852579,167.88087542753055,21.26,201.36,0.0898,0.693
13.07757937778684,77.41537053958494,3.448972404324258,10.1889320454995,1,372,44.660062465393366,0.5732015360641955,0.3659755504471018,25.4392829176293,0.1552766031773306,5,9.825384074666726,337.87068349889074,9.62,88.06,0.0942,0.807
13.017089777339038,77.76070479685417,42.33883353853936,8.51627823472888,2,687,40.86683185500044,0.3742642457290364,0.9246801536790366,24.622090229475788,0.7892437893521301,21,14.403161532392643,341.31893407456056,150.87,1468.06,0.0132,0.393
12.900719623562782,77.5845909858499,49.07843392904167,1.2486549236095157,4,276,36.03268835403708,0.7693126656977565,0.8708393656198345,49.913649827315275,0.3585076311953338,12,7.9367641335843615,162.12544746631312,84.68,618.34,0.0467,0.544
12.938278397401568,77.65488059072331,39.864000825840236,20.010674706403677,1,795,13.191056123904248,0.5021875901342594,0.5768669835871403,49.16683459623103,0.11834533371787792,8,9.15703578284929,200.77415353200686,62.68,574.78,0.0157,0.734
12.872639086720572,77.66374156888232,42.835461163528684,19.42255610927739,1,930,45.60061609336558,0.709922917487655,0.528919145872111,27.615117718837997,0.9964505051000891,8,12.869568104790414,140.27152572812307,117.68,826.39,0.0084,0.489
13.163380224533451,77.75804709628261,12.856879385535223,3.402453916303482,4,742,8.566372119421438,0.7139461928372466,0.38925434016888005,24.947386403989015,0.7872503026693629,19,10.460245933207503,122.25178908547672,36.94,209.75,0.1054,0.608
13.033356717906448,77.65466787286688,48.070721800146785,14.267719766052105,1,974,31.71175545144387,0.8034397869170369,0.7839945797159709,37.991239444139495,0.40874103675812257,8,10.470281464244477,397.65151433452286,105.68,1203.71,0.0094,0.564
12.960340566705456,77.64557343390402,10.649359518217992,11.67157905783841,2,148,2.4112578467794163,0.8216690403207088,0.30539503970557136,10.418282999207209,0.8233474769461403,14,5.533401630051835,296.67818537345175,70.7,408.51,0.0279,0.631
12.984802321457654,77.42666081622428,47.620060707729785,3.7303091967095634,3,666,32.542270509922346,0.6601167040810776,0.7441902030750265,14.133351899327113,0.6806038701191534,12,8.985996627184559,262.62895275949563,277.38,1642.05,0.0108,0.498
13.178913335844726,77.60736320877808,49.7461454043316,23.55306922239664,4,765,14.580073241794633,0.5316943633223821,0.8739655888947309,16.308479507436836,0.7899747595698333,21,7.707337324217325,329.64955012158987,263.0,1828.37,0.0152,0.413
12.861340561246433,77.46006760032682,35.874417481556385,5.938005411657175,2,454,23.03417188200228,0.8862156263843137,0.382777260733619,19.270590891358708,0.8152063775656498,15,14.993351228311154,352.02314790631726,133.07,1318.61,0.0149,0.602
13.034491932806718,77.6949735074886,49.07604285779927,2.5463861420829064,4,811,17.917963050795603,0.5169059545859392,0.8931419223190049,35.60090633377345,0.08472868329031791,1,8.083550706323102,342.01443041341827,119.65,1078.74,0.0332,0.617
13.002355471553786,77.60488876832507,28.90744919878808,14.68148972854392,4,407,9.465081056064285,0.655256366128532,0.22665855955160677,59.6120957430561,0.6229728876880957,13,13.844965347938635,104.96183478696298,32.39,456.88,0.1198,0.722
13.044581694173859,77.67209111168334,13.717547375628426,17.993933574059753,1,967,31.47705871459983,0.5808768082426096,0.9302299083092203,42.630670087367676,0.006785552976827591,5,11.762337350404774,156.04236945714953,28.29,234.92,0.0341,0.626
12.807244073528336,77.41666916024096,22.412798397615422,1.7461992590853002,1,984,44.21680220188976,0.8985548701787816,0.2946897822810384,13.06493972246118,0.04345624630117062,1,8.409164091920903,296.47159063534934,118.1,772.03,0.0084,0.869
13.14884956357766,77.43391680641832,30.08448583356051,16.15050569072151,2,729,47.99512787183777,0.6023429718020801,0.7166073423504262,36.278968703112085,0.9039800090558409,7,10.435343783741237,212.72780434118886,67.58,553.54,0.0292,0.442
13.172847312993444,77.68652935522508,4.580996539323735,13.242713146883451,4,874,10.424971794541838,0.5702694321862389,0.4000659751311535,34.83226061947522,0.5275637213568055,3,13.405358799491937,394.7447953183321,9.47,123.71,0.382,0.682
13.026053273435684,77.42883373439948,31.494819966245057,3.3750952041261133,1,145,36.151265929085696,0.7828765850283461,0.869241912935691,17.208390790902474,0.7359019858685248,20,13.833682980309119,299.6214377914762,157.54,1222.4,0.0063,0.432
13.078660329550758,77.4285026911061,49.07771400135243,4.968049169766328,1,401,33.55262896367843,0.7217087769030099,0.6098402887323733,56.01361844012038,0.838500990443146,23,6.603938750061452,386.96467261876194,68.6,766.54,0.0144,0.505
13.168999752470917,77.40484339009396,10.315274839402655,14.063408838269853,4,967,17.825511689154055,0.3750727834470922,0.3081929529972011,32.03826238376845,0.949586767564585,13,8.395731412081696,160.43394449373815,22.29,146.21,0.1717,0.592
13.082895453725358,77.78260055931979,39.83716069813078,7.816225110805632,2,507,1.935860768332566,0.6557181644407742,0.6567932570607828,59.727957030486984,0.8693528479227959,10,8.352231802135716,359.1871084345069,53.16,650.97,0.0369,0.476
12.861015617165705,77.6950033437836,45.487040895201346,22.58126175898027,2,288,34.79977111833044,0.8148348718332734,0.5263060881575865,31.003614762608215,0.4833114486972939,23,5.4204479607594465,196.4056917445676,111.19,610.53,0.0178,0.644
13.030515344066725,77.54130056340082,47.24137804819082,19.83102527813317,4,921,47.32924816741551,0.9944523352139494,0.729158253290481,40.39788513418046,0.3359703073805115,13,10.982377598518966,396.86944247134204,95.74,1152.09,0.0413,0.608
13.042686018553143,77.51861423251506,48.04664461586691,23.622045749814248,2,929,31.973885973866917,0.7404027837792233,0.9055226278107675,15.238126822572003,0.15449323620603816,11,13.54820052992188,147.3066016219442,274.84,1325.71,0.0073,0.591
12.969652268520955,77.53988129189834,26.551522297352125,6.972429295859522,1,228,22.32934348519407,0.5592051465089224,0.5275113049467348,32.71139119034346,0.40032148248727994,15,8.815743878255178,254.90194565149798,61.55,495.56,0.016,0.669
13.094577694249889,77.70986141247248,48.88808749158368,23.30364355435347,4,660,26.73254081146979,0.45830611986148284,0.43190454362708774,21.938294700198664,0.36649357916116343,5,12.400359449841769,337.8533601511366,162.58,1521.7,0.0245,0.717
13.173746805907605,77.66454824442816,38.1082001495875,10.91837900520583,1,636,10.78181157533596,0.9109811639073242,0.21161207562208706,51.77823992856175,0.5595748419558734,19,11.277004136007399,229.79274418121076,48.83,616.76,0.0201,0.747
13.17022740516271,77.47407822714699,8.921900375611134,8.992932292216356,3,365,37.776664023933144,0.870195648479452,0.6598712302879,49.195979243376996,0.6655094087572134,0,8.756487354930009,240.425218056294,14.47,136.11,0.1939,0.536
12.980335748561654,77.46964373413364,24.36810521693053,2.1580391202951246,3,217,37.574571670482605,0.4637459745455694,0.5218198139451469,51.20899998126792,0.9783254764450474,11,6.410597994922971,395.9067386517223,36.0,393.76,0.0811,0.498
12.845295218336302,77.43935825988537,36.1982275932282,2.2136009307708604,2,563,8.130347718983822,0.4404424631026014,0.499719375211863,46.18047188789757,0.7283861861007325,6,12.093238527759674,227.592445090346,58.78,660.72,0.0335,0.582
13.193936479584933,77.66412108788053,13.119675475135084,16.916258886773058,3,243,44.0209407424833,0.8005957437678228,0.34634825702737004,51.63416118100256,0.6437485324429233,7,13.545651689412404,281.2216301797191,17.89,261.57,0.1588,0.668
13.135559234578373,77.70574906488869,32.39014399389548,11.532366871982642,1,541,14.190297234191958,0.5204664433431316,0.5440442761530195,20.041437508746043,0.33509243426834256,8,11.858544924014918,116.3618982025452,123.35,623.32,0.008,0.682
12.849865072481307,77.50601857133,33.66342347328434,6.209997398830431,3,299,49.13054698589413,0.5144791588533705,0.9875535628666947,32.60218882899008,0.03450387649832598,1,5.178784840348181,352.663024063078,92.54,718.26,0.0321,0.595
13.168336753046948,77.40837798441237,8.972287446619728,15.121317045480351,1,256,19.762247687825045,0.40660317294735865,0.4382033229377955,44.59234399729841,0.28812512885469177,16,7.1623289439099125,294.4504146938631,14.72,136.5,0.0636,0.738
13.147958544824851,77.43286866699057,28.68918031018506,6.815736719752557,2,586,9.716318877990481,0.4847828637968809,0.6797635307264802,41.86962489675675,0.7684479004596177,19,5.694799848835319,221.20603085884406,55.09,366.48,0.0357,0.498
13.007535222850429,77.787144013938,38.809718637951775,14.28553034992172,2,959,18.234285455936963,0.5992552903148547,0.8211895050525335,45.817724143704346,0.20527194080380173,12,10.703860995762268,104.85086198635592,71.69,540.69,0.0275,0.61
13.036510174297971,77.51817791099097,25.445887562261156,9.261801180601879,1,233,22.568836106162465,0.8129868360906909,0.7993262585412253,21.212919157561586,0.7121881936741145,4,12.564776788404124,277.50064617805117,100.74,785.65,0.0098,0.467
12.959601081548053,77.70768925913525,1.5930527220292638,19.941701212071838,3,247,4.396080878876447,0.5354156660896248,0.46301942999407264,14.921735452249488,0.5797798425694158,9,6.105791870686595,103.79734854524865,7.89,23.38,0.3375,0.641
12.821904655528813,77.64986542754171,1.4428849848853167,19.876011697635924,2,435,29.332700679941187,0.5300230376358899,0.6886880668134803,55.84032890373882,0.17185686975046488,11,13.383378205933852,100.36108417270538,2.08,22.79,0.6494,0.673
12.934078896658361,77.55277585586116,18.494437854530595,11.97905915681523,4,170,30.283989553576117,0.4994392767867051,0.8970117482161257,38.00859477836792,0.26162480629182994,16,10.555089783954832,284.8295686448064,42.29,395.97,0.0924,0.563
13.121141379439203,77.48227490487822,46.383509353157315,9.068839514705358,2,332,37.20759231212414,0.6347985672577301,0.21235794218646237,17.691296225370547,0.4963036034864765,20,11.89969012141725,156.70512020036628,174.01,1006.42,0.0114,0.766
12.801852809201842,77.44855456726377,12.20516220057683,9.338875320859174,3,433,2.429324722246421,0.42644568855892073,0.5485874854746462,49.67182909436808,0.41837470510784747,5,14.714018486086463,157.56626491542858,18.79,228.93,0.1516,0.655
12.933399668676458,77.64600518721555,32.08382075471267,19.53143409036901,4,910,27.520672507257675,0.6399415138224878,0.37941873459352427,55.74649683146413,0.7785638475467596,2,5.836809882476973,295.9814697498231,41.08,389.92,0.0951,0.615
12.959267477436377,77.70985351225511,11.881717663972708,8.548128104345075,3,765,3.592464230262555,0.7929228893362829,0.5109058323190712,18.47817592855545,0.734404642543247,14,14.012240229777893,116.10915638181228,48.44,260.23,0.0607,0.575
13.014958241175169,77.65756170141645,16.761829493317883,5.808365595257459,1,189,35.35606677836602,0.3208533528228355,0.5327916863801934,50.87062276345553,0.5745745034730171,6,6.261026959874093,194.0216684423669,25.04,185.92,0.0384,0.615
13.167942246565104,77.61212085329966,42.554062390472716,2.9478318631320573,4,433,3.730671299348239,0.3068455662140333,0.7973367718293096,56.661253065956416,0.8222747114729252,5,8.929588066366822,144.82957064260572,63.03,532.13,0.0625,0.434
12.938538397746385,77.41678048937266,36.7142106712274,11.733941780341393,3,298,45.67466456874,0.35258603710815645,0.27505749791635453,56.918080014800864,0.5626695406843086,3,13.514386963311143,274.05291093896017,44.02,697.23,0.0666,0.721
12.93878128075849,77.78739551103776,5.674564588347321,12.089038275156364,4,260,35.402045777340334,0.6749620432096785,0.6100671225060084,55.707823082675056,0.9643892566572602,18,14.062542367378683,298.52954641821873,7.98,119.5,0.4454,0.467
13.095000499243898,77.71948567666183,22.00639902833525,20.340900339266863,3,637,25.8620984891727,0.8981185582297824,0.6513558334389963,37.32105061800514,0.21722409915108143,4,10.063716735451454,316.34075607971306,46.9,468.74,0.0626,0.674
12.980887176355923,77.51712881468039,2.429318418617959,6.0884900182594714,4,220,22.63369224077757,0.3034191262141763,0.5953260828414435,27.810565862693462,0.7141319936021527,2,10.941046382754251,176.56936507556964,6.8,46.59,0.5128,0.548
12.889841929175994,77.79198813174354,24.56361718354744,9.762799294373197,3,400,7.402958890249857,0.9556629132092767,0.7854986024501762,10.363640384700464,0.36994413205446797,8,12.081473345985572,126.77492549097519,198.06,715.25,0.0151,0.575
12.980975806453078,77.64075263585453,33.45926657335234,19.59333199455489,1,823,15.258970088668491,0.37439495809937506,0.5070330047254779,13.045611343576354,0.2789661944201939,5,13.327586684527141,123.60509708256934,192.9,843.32,0.0052,0.713
12.85634280815192,77.6329690632829,6.806628556309426,19.943343047226392,4,674,43.57899614602392,0.8893884696407584,0.9559736509120609,31.44195076486953,0.18038747596771287,12,6.215111695376661,227.84546453521713,19.2,115.21,0.198,0.563
12.870554794602489,77.69922927177181,15.155362006549117,9.846054747511669,4,535,45.318187766562204,0.6379983354880627,0.5854427540311531,29.966307319575517,0.5525034762615438,21,13.100693082292276,383.7533227188145,39.23,449.46,0.0994,0.6
12.999347109095792,77.72470791523605,20.49399464960569,11.559852535593661,4,167,1.0366377101560222,0.7615501710951907,0.6569711276918381,19.235695478494158,0.21546943274921126,19,9.812761505116168,165.3187102741074,84.92,435.08,0.0466,0.673
12.96757017980182,77.6625914429326,46.05702020814644,7.975575489533507,4,864,30.112683182400012,0.6574780891130276,0.8604246586773996,29.77400140158284,0.20035085144840592,3,9.50623425108169,177.0224804024648,132.74,829.46,0.0299,0.596
13.165938360427239,77.45123829854649,49.66949575572524,22.44876220364418,1,558,36.24572984223057,0.6339337576255482,0.420188884744898,18.732503272768405,0.9905319050838179,1,9.238997519969983,130.2666406317577,192.51,876.86,0.0052,0.535
12.944957559646653,77.5353070023978,3.200653650785177,3.728806612056347,4,613,31.31860214042271,0.884429599855074,0.260161623010242,52.439562638792026,0.8017474168457608,3,10.092115852460426,281.67108216817905,4.14,51.74,0.7782,0.655
13.032235340111217,77.77123345613042,38.28938825127421,22.47623672903381,2,497,5.0023084784513445,0.8291204656974713,0.766227182689986,24.90974389377994,0.7482768202543754,7,14.450505533946036,303.96186218415244,127.56,1199.52,0.0156,0.469
13.052905715167812,77.48984624473755,19.214479253714817,16.728928392212893,1,719,11.668520041146209,0.6383815655661029,0.5864094844387029,39.9282175079155,0.794060625882755,12,10.482037727921515,292.879362448228,37.34,383.68,0.0261,0.527
12.805237782635334,77.54886680953501,20.23045112524452,13.226159511794817,2,385,13.266673101687916,0.37814515057724307,0.9172034007671959,35.14215309995434,0.9689228737187425,9,14.531775382631393,358.3390729134344,50.38,594.87,0.0389,0.342
13.065414948806684,77.57283075317768,37.95898369400411,1.7511583980434051,4,660,41.75450693394939,0.3807820715200857,0.9861440389779472,12.59410387969961,0.5732766887532035,17,6.802901306156405,245.92775050782151,270.01,1364.95,0.0148,0.434
12.871214386747901,77.57576199587778,46.002895175125026,11.938712411906192,3,239,23.6967723791371,0.8610776225033527,0.5192874804597833,57.11168597455831,0.22024387740286056,8,12.241359788326331,140.33711223011932,60.88,705.53,0.0485,0.726
13.18442812698778,77.64517583299781,47.595501130624875,10.378206415062843,2,829,24.854582385120604,0.6705734349432734,0.5323512130077287,36.36129891252416,0.862209640753239,0,13.122395386087472,186.8215392113238,99.44,934.19,0.0199,0.528
12.859465091101246,77.77723033509788,29.279006715877717,4.708032675427819,4,655,46.80975928117092,0.6371123981535538,0.5263700817645811,26.252882169590766,0.7427307294540901,12,11.79128831334862,298.72899202640554,84.53,766.1,0.0468,0.567
12.96584964949081,77.49627708473301,18.49893680572464,16.09742088051511,2,880,32.217208553881065,0.7763967889525005,0.45964328778474095,17.90632848165341,0.4143083123341731,17,11.069222802265404,283.93659212246797,76.23,565.51,0.0259,0.692
12.834139867231459,77.44860055052037,39.589905207080186,23.336470869470574,4,689,45.03471737608053,0.9011891083899821,0.825349678213118,26.926331736341787,0.47356949857464636,14,10.648127810861823,259.30093892288875,124.62,960.13,0.0318,0.528
13.198749700738379,77.47898819594398,13.299067779852713,13.930342654484077,4,827,23.368933911735116,0.7402112010893136,0.8071966099925822,11.025580151169475,0.4112523984788691,1,13.60930482578696,304.8893256066061,101.58,697.17,0.039,0.554
13.000878004132497,77.7547699600837,28.63962741284237,17.439325358210755,4,993,8.322376667396417,0.8339935316425353,0.58291589644042,28.177907767414887,0.9299421602290041,10,13.216465971645,291.2172551119898,78.76,760.79,0.0502,0.488
13.038154006928018,77.65832432506208,18.570344614718785,2.574360409018386,3,709,46.566844109630196,0.8356893668818699,0.23572897310311902,36.57429636522524,0.34353161149829414,13,6.222887211805995,364.3974668394855,34.06,322.42,0.0856,0.803
12.826830590955371,77.51436271569567,33.17492261168593,10.60634090379088,2,847,23.476550667709375,0.5493830141550713,0.44764744121045874,53.59331229254724,0.9634842786561725,21,13.48587657030878,275.80491324348895,45.45,656.32,0.0431,0.532
13.09998418815967,77.72637877558745,12.779546731781839,3.676245158783405,1,381,9.89993967206227,0.49185823694869696,0.43384243724387006,44.36872088488988,0.9102717712539499,14,9.140686194404424,333.58040761016696,21.03,233.73,0.0454,0.553
12.883962237238235,77.74454799854537,10.388054341006463,15.09430421733974,1,760,15.81739127489219,0.8608148470226109,0.8488697969602068,15.57911565666207,0.6305211422481733,13,7.536968299958108,174.61214678994037,56.99,244.15,0.0172,0.471
13.159221715776285,77.73860573547611,45.99371524709642,22.585089638925556,1,915,3.48932689475817,0.5640251542489705,0.2700604587329398,17.387316221898054,0.5798217731000747,15,13.697685680139259,303.45477537672036,180.15,1541.13,0.0055,0.718
12.882055856192803,77.76757061345582,5.988380464527308,16.22088784684769,1,677,23.94672898136287,0.9323352045658935,0.8445403032341634,31.406168390918733,0.3700892800699709,22,9.320247996337416,370.6582355148027,16.27,156.32,0.0579,0.551
12.876275088265468,77.50089640806935,25.79193747901165,2.766470111231695,4,845,42.80328042360159,0.3487834877110837,0.7353469217593145,19.785387581939393,0.01833838901064988,14,13.083646901768166,215.71969836994998,106.97,722.04,0.037,0.7
12.814619867139239,77.7020167714985,11.821786365187437,9.157322714656905,2,556,46.74544234432778,0.3407522584527377,0.7859531673043594,11.392488879137787,0.12762318623775326,18,7.634036119558445,333.73125620159396,86.73,572.66,0.0228,0.647
12.988826778044,77.58421579890965,2.9075682029577052,13.665257727139585,2,186,46.69750816767854,0.9489029120709858,0.5457705500680188,50.25074400590351,0.7542313233495487,8,5.0392932142221785,317.4367903586306,4.42,38.04,0.369,0.555
13.025936453305047,77.73679942115602,2.7649220962798933,10.2737783910648,3,178,7.13627125580859,0.7539184399270044,0.7437806368014066,10.976128534899706,0.47154012658816524,4,9.954591929029444,117.85785906154675,20.74,68.26,0.138,0.561
12.82628345577134,77.69139627086464,9.58586683318554,20.173812240928964,2,304,19.720640243041792,0.5657195495138325,0.6872231557655326,51.534480259900704,0.1498381341879681,4,6.002282566428843,274.4524928872217,15.0,126.15,0.125,0.68
13.110211046678003,77.71057897859988,43.47174737079401,19.737433108329753,2,890,2.383209222884612,0.828542290371328,0.8151841561829036,17.2051981516483,0.263960854131871,10,12.543759555249096,139.0568047602407,213.39,1039.85,0.0093,0.595
12.981315533899211,77.66246473507243,14.841458454874306,15.072113462374093,2,436,42.90310190360216,0.7706287669955488,0.5574158675746017,58.733920540355804,0.9478368998469997,19,7.760751360694104,390.19575166917735,19.39,241.28,0.0981,0.493
13.009756107731032,77.4709715077879,47.57249935818949,9.58953273805222,3,353,18.579032339042417,0.6718407327737173,0.578260499917042,40.193695591309506,0.3671328353102651,23,9.436456466034787,343.42225081019683,91.55,972.92,0.0324,0.659
12.976305098775292,77.61801076755877,29.499492356470483,6.872736596554615,1,403,31.924734366719505,0.3692113398638559,0.7148609781918562,46.74914858149477,0.9076819452191535,3,5.870335650915543,132.91714037413604,51.39,287.02,0.0191,0.442
12.960305224350131,77.7938678958098,22.394095298669537,3.4351093189019744,2,479,36.03002346578714,0.868525711104926,0.28646199493311064,15.524181398403243,0.3046358322935767,19,7.866592484472527,136.52559929430353,98.95,401.32,0.02,0.794
13.023856132523287,77.77495522659885,29.424352898803274,9.162646720190743,3,229,22.062388817414615,0.9062162334764372,0.5489955586914539,53.10520367257401,0.5432200943671609,17,12.81490243258572,278.3421564737857,42.37,573.63,0.0692,0.617
12.862096098372286,77.41726949431882,26.31822087608712,10.50296789577755,3,695,16.015674490961906,0.42051808198685436,0.9775606762078446,51.95961714357692,0.02047708336219789,2,6.515879119023195,203.466752251955,45.25,324.93,0.0649,0.603
12.87277125219811,77.46592592629177,38.180036434108935,16.543927277393692,4,375,48.14843259568129,0.8953581563839466,0.2300418560480365,42.649636577085886,0.5218751103735769,3,11.471595611269574,110.47175772193279,59.89,548.26,0.0657,0.751
13.144714248405407,77.45269150938184,14.84230723266976,16.13767595884419,3,798,48.259923026168856,0.9144931177115949,0.4528037782931151,35.11374322976937,0.6369420106106303,13,14.174258528045012,262.49245234991594,31.1,346.44,0.0935,0.628
13.178446184853453,77.69039196399412,18.299469188414818,2.6124872117489097,1,657,15.182382033471075,0.6846000286019611,0.4512878552714966,46.07445865658362,0.2343050993371779,6,11.798367597577203,216.35352990575407,29.21,321.23,0.0331,0.749
12.949323726511901,77.72711413194277,44.81062082412929,10.09096425491663,2,998,24.501629740478446,0.7593253253558809,0.706771295388618,10.296410766843907,0.578937176205357,7,13.110216892922269,130.3229477115228,353.4,1355.08,0.0056,0.544
12.908297869257423,77.48540454652428,47.37636914436987,5.180913945999324,3,282,48.6693637743411,0.567566124010144,0.2846402875393119,39.62203776992297,0.6471677720509855,23,6.089716293039158,340.5761176767948,81.95,753.68,0.0362,0.692
13.057599817295607,77.60234107718074,44.73535314683725,4.606692222286531,1,367,1.238551975119658,0.49725415325648614,0.7028352247030889,52.37030674646183,0.6868860783817565,15,7.507318260020544,374.5230295836418,69.26,768.17,0.0142,0.513
12.963493668439238,77.73628121120448,21.552951703908366,20.027949443956658,3,907,21.221234170578313,0.8053882028661512,0.27603219252129557,27.844994358737743,0.7764033220221032,19,13.94538852240591,326.97818020423904,52.85,588.58,0.0557,0.657
12.810154542264138,77.6931206179065,39.237909647337204,1.9640499844739232,3,421,5.922419934367453,0.9033126043110657,0.2759629179346648,15.414467824145841,0.3113392429294165,14,12.151056136180891,346.7266930048832,173.81,1481.19,0.0172,0.796
12.862461038946476,77.61689488219675,24.340450931753843,10.641206145748791,3,611,25.94874031256753,0.7578542870690232,0.7825466857507859,31.043862487160307,0.5677769564318782,6,11.395538263773112,164.9471701798352,65.45,457.3,0.0451,0.517
13.08638889153896,77.63613907618351,25.379452755159008,4.868684082629919,3,711,2.20882777248387,0.6581134274525844,0.4593081390662371,46.35522245292535,0.9815790297645944,16,11.637667361217,179.0718852755803,40.39,415.9,0.0725,0.522
13.06356957676406,77.60334421876651,11.029325343806914,21.224594960604904,3,177,20.938023138140764,0.41124733679092007,0.9819383581709984,15.365060518533626,0.8981441706651572,21,9.142005543046434,162.55826208975634,64.21,274.79,0.046,0.338
12.810838397001394,77.51901938052754,29.965384859667306,13.811931805325807,1,883,11.814254664481421,0.3374210988233727,0.22988234914844397,20.302428010644498,0.9526654280983665,21,5.445566316176532,329.5190294096692,98.74,705.46,0.01,0.622
12.888788864773181,77.62600879714361,10.120658989914048,6.321754636667505,2,438,27.1321097604783,0.6119842531727224,0.5560853309743954,17.377592341434998,0.3861363985285714,21,12.84441542070729,384.37512368034913,44.66,416.1,0.0438,0.662
12.892429918635228,77.67555412082004,17.246670254292496,12.555827604826657,2,773,49.803688805934286,0.33454469458819486,0.29050875013921895,49.847387778761245,0.7869281058966617,11,11.787132362153539,315.05116202017075,23.77,328.1,0.0807,0.648
13.06875709743949,77.74932916634432,42.89647987937682,17.824186273171662,2,655,40.22626915121064,0.6985342423350576,0.48110317340648695,13.144631122624341,0.6198979517603478,17,9.728044641127248,364.4400294638668,242.91,1892.73,0.0082,0.622
12.807884215101746,77.6545165415917,11.146714651331905,23.03671420514698,2,608,42.43646248959665,0.5679104339224399,0.9985779604872405,44.32932510572165,0.08273508306224109,23,13.997596153682574,291.6097284649518,22.62,265.96,0.0847,0.576
12.84164343279383,77.70444861481727,4.486755973498208,6.070258097644635,1,337,32.12798438059497,0.8300323837773786,0.9110740093908254,28.322846037659566,0.8239803891570654,13,8.361596649850988,216.29797016763973,13.83,87.37,0.0674,0.388
13.119966434149275,77.46402865398183,4.381372038027999,21.382180758974936,4,233,3.0364325653406694,0.5139539477853283,0.23865952708431754,47.78956214426511,0.6771012763573646,14,7.943217442312359,227.72848447909155,6.16,58.18,0.5587,0.701
12.871417864821733,77.58462298976792,47.098441504652286,22.488994625852275,4,291,11.133086126163061,0.7150878906772025,0.6506046750605468,58.21917093920188,0.1989173595152668,14,13.727963250794428,122.59642965022145,64.33,778.01,0.0612,0.68
13.06109844314075,77.40373264793084,25.839101460129896,22.077672524237524,1,455,46.328163265905694,0.6763784652285703,0.7182578438595486,15.727264979324115,0.07973855742946134,4,12.969876547589855,109.43715857380782,133.98,579.5,0.0074,0.689
12.89527311241869,77.49867154580865,21.061191519033898,15.614530207823925,1,377,18.93954277850881,0.3032986978655688,0.3676276991601006,25.719252053372923,0.8370221306483306,15,10.149798106483448,308.6426812567232,58.16,512.94,0.0169,0.602
12.839776557103738,77.6905846860452,40.733050469388004,15.485875051998278,3,117,6.078199597558983,0.35067257878501723,0.31608445871716023,50.50627138594285,0.07890182949120106,4,6.3073473945785,231.5286676033542,56.04,473.17,0.0526,0.85
12.897268876399782,77.79672398053974,41.955470467615285,10.273844563227923,3,623,35.41786292744389,0.5032577487402143,0.9235049077324187,23.307919302558822,0.09135386536643664,1,7.150714714650524,265.6645204163889,157.87,999.02,0.0189,0.603
13.088906772742263,77.4396712398349,17.277360622664627,18.305151292987123,3,279,15.673428472778477,0.9175645567145354,0.9750531531867013,20.756029852302046,0.4274082879043153,19,11.562279904088067,267.2983742867249,74.29,530.73,0.0398,0.482
13.142278587242513,77.56059772634451,34.98728481621597,13.219762422071435,2,222,14.173988732304412,0.40291046842984496,0.9935142858557136,51.268898893448586,0.13479782841947707,8,8.850412378404116,183.21274399999044,61.29,496.8,0.0321,0.562
13.132087945826797,77.72002838747966,38.785017976742445,16.581075638250773,3,345,49.900895322354756,0.7976260313223791,0.8318094189877077,59.354118200298515,0.9136695974427194,21,13.364731916659712,242.7677532488472,55.51,742.95,0.0531,0.393
12.958873411847382,77.48161425385156,33.07788365643177,10.854531788522296,4,833,43.04880732630606,0.9813565963066011,0.7308016555242058,37.84402950739829,0.4702839362632367,8,14.499550093322041,241.2280665003107,71.61,767.52,0.0551,0.567
13.067234054628258,77.62203397972091,8.428158665204869,17.8244186729922,2,472,20.98895310002421,0.8533972868838087,0.47658420175439836,23.902437416666963,0.5691509806545715,3,13.056369252749182,216.52816636835712,26.2,204.59,0.0735,0.639
12.88199371816633,77.69322851841187,43.91827109233579,19.962844904904628,3,150,49.03279918300846,0.47006175318093074,0.337118649859802,29.928298080002698,0.9281060894780875,14,8.775454229955571,346.20261502032116,102.89,979.08,0.0289,0.587
12.917259092104405,77.64639418010407,27.415633084064428,4.368033901864771,2,170,32.85554794754147,0.935855682289157,0.2631844794929854,18.50651636918045,0.5302632256383486,10,12.88686429231424,235.34920110627877,100.58,747.83,0.0197,0.736
13.158534327408447,77.47520989384617,14.841148892130182,20.157383458207246,4,579,37.359100142108254,0.365175009555873,0.7546379748411935,48.094363944537626,0.35359114595731855,0,8.514416734706835,281.0933573517964,25.5,245.83,0.1509,0.592
12.805200769404296,77.5421538274743,21.836181086447002,13.426820231177066,3,659,2.5441391110283678,0.627699359309515,0.8277787321434866,48.673700891138395,0.7971551058158318,17,6.671000877656339,368.6560361142478,38.06,379.52,0.0768,0.43
12.834203412341788,77.71351671379416,2.8409834295464615,20.42731590907516,4,118,6.958657708054798,0.9212793354084896,0.861162921963984,53.756049619124724,0.4428501974752107,0,5.333932048658574,359.87008685767677,4.54,42.38,0.722,0.523
12.883154502058412,77.6216906056528,7.26547325989846,10.919939245843336,4,873,32.021171198315685,0.7488859964798088,0.9310120026430388,11.330128179828193,0.3184694256023054,7,8.8571671276102,367.12666113374956,56.39,409.39,0.0697,0.532
12.81061288154953,77.40209184541717,38.511790775277184,9.717931163809805,4,183,45.05217514982471,0.5895511953093892,0.9039436509106988,38.099067081318964,0.7232294586055346,15,14.035593036972818,181.0014989395042,88.06,806.19,0.0449,0.421
12.87257417403592,77.70439630401124,1.000570103012941,22.046396847896116,3,254,31.563442578292186,0.5049690067160182,0.9997930178064742,20.71277171715922,0.801605676613043,21,7.389865877556765,110.49474649241886,4.35,15.4,0.5607,0.36
13.033216624387876,77.41412454197611,21.411725595632316,6.77689315361323,1,664,7.567219821630597,0.5625695837228449,0.39525120877380104,27.044150774617854,0.7917161675842714,17,7.0651316492978395,178.32003996859876,56.89,320.35,0.0173,0.604
12.968569820236999,77.6982935130925,26.602998873193833,20.41688348158129,3,718,6.672242266069907,0.6562592467065003,0.8106460921697685,49.24778076432538,0.9776744141287076,21,14.698207852410404,183.61220368621258,45.55,530.41,0.0644,0.382
13.15706868443079,77.4809922240661,3.6770865800476424,12.132473167716295,4,456,42.365108895380004,0.5233307509109651,0.6691676098998381,19.601682618074808,0.7866669488749627,8,5.250041128505921,372.8080980174904,15.02,112.63,0.2497,0.496
13.126977424695376,77.78322939204774,48.68082998564431,12.824195178678973,3,915,7.825814596687801,0.9782775034576097,0.40899610596286595,41.917087529054484,0.7699334359486862,11,12.857821503937544,294.7728198513912,83.93,1038.27,0.0353,0.605
12.93672694067915,77.54717630052083,12.080141231233926,8.094770474258134,4,746,26.491366064697246,0.9531543571463015,0.9855242578295542,42.728309561179906,0.8574852537362202,18,8.213699557408702,124.51118788066863,25.32,151.77,0.152,0.349
12.903769373372517,77.53077264653524,15.905737262177762,14.17997061423736,1,542,2.818552678152811,0.9094700277500245,0.9183184838194018,57.70469574511503,0.00018519529544280822,17,5.374879568696594,140.61357880333034,24.13,142.04,0.0398,0.633
12.951876963266907,77.45955522013298,15.893183100496339,8.47985751435286,2,168,4.952818602167691,0.5952808848658573,0.3028125347552932,48.75804642644685,0.36243141118777067,4,14.178025402095836,146.70283766259263,22.52,280.4,0.085,0.77
13.036117977005922,77.52224168619608,12.290416443750145,1.9031965275580032,1,622,33.94506511450037,0.7839112385346603,0.22092667385873588,50.181757357684674,0.7376030960344221,1,6.396423302095836,289.1265244506769,16.32,157.26,0.0577,0.69
12.90722545632915,77.75066030473128,1.0722172822292593,7.255967922920189,1,242,34.76988911094832,0.9319805149251752,0.7506646098661416,36.58003745089467,0.5997190111102774,6,10.517792837256954,320.62420765210095,2.42,24.21,0.2924,0.52
13.049659563139654,77.7985337350509,36.73789491031182,1.1467179983515856,2,291,17.732000923813676,0.8953006413752496,0.683304503085228,19.33904035811853,0.17757200263161765,9,7.740542074295478,357.8931731696188,152.92,1196.52,0.013,0.673
12.963764660876496,77.54732381220275,48.37542949016498,23.502160102307702,3,486,11.564878496909193,0.5900289098141454,0.9486524992889167,31.27816828591758,0.30373308908854535,14,5.65192802184691,382.1909652418729,136.81,1144.87,0.0218,0.529
13.020818872340792,77.57944425238182,11.990380680967208,23.212185825854192,2,477,40.87180326710809,0.37867023452558246,0.3872042297282959,37.474478675591016,0.3367926110821068,6,5.499224856633791,160.51136721593252,22.91,127.23,0.0836,0.744
12.974450611654127,77.68882837528109,33.4893123983677,10.088571841863017,3,680,11.638058244024627,0.3529412546841846,0.2675103583159897,43.920962585685615,0.567828111172316,4,6.155566988363388,192.9317454172147,51.87,372.94,0.0567,0.723
12.917786303816767,77.75447831218602,37.35292002097704,17.75252964981186,3,634,27.559326413652606,0.7039448316579918,0.4073722670175892,40.38545559159636,0.8315982964410764,14,5.7136701388938,172.0968642234492,66.8,405.02,0.0442,0.588
13.179381322784861,77.63721773367472,42.57284357543571,8.953540263439773,4,792,48.44223320228237,0.7498395546476522,0.21514211240917078,29.698891445862177,0.9324917797776798,19,12.605581155199229,207.6284702398413,95.26,866.3,0.0416,0.634
13.105442317663904,77.55661027927114,21.708830653666848,16.43514261297745,4,392,8.244769455256804,0.8948898232179168,0.22871420095114595,23.26565534979207,0.750092412853639,19,9.855662022834291,374.39953222712484,62.39,603.27,0.0631,0.683
12.856045270306582,77.56504873633945,15.843614376381034,19.524890990057518,2,108,47.102937107240734,0.5047605142387217,0.9318862447366076,18.411542160184155,0.8429503901768098,14,8.428920913489797,272.5337700818085,75.69,477.35,0.0261,0.374
13.147387190359165,77.67824725859872,16.939461567128525,22.775393627921538,1,370,9.961759600364765,0.4172293433850297,0.48161326600150267,44.692269313613316,0.4700959584515161,9,9.183689101320072,321.4575691973497,28.22,306.76,0.0342,0.666
12.994972479299806,77.40128730544171,35.91844532182713,10.204882344542456,2,486,28.80471719313825,0.5653040832247396,0.5286472008077445,42.26993371562425,0.3897753196222874,23,14.289467355726233,247.0357708380346,64.46,778.65,0.0306,0.672
13.157820890757636,77.64783573498394,41.02219385877616,19.015853607989097,3,192,19.473377885978486,0.5475025865425925,0.21469732363048355,44.36862328789033,0.39270853214421697,13,14.107518127381471,108.65737400083736,61.43,689.97,0.0481,0.796
13.119942102378925,77.54219720417655,9.89908442007353,7.116354364538732,4,628,48.28150147358947,0.3927282678124983,0.4164174241374773,28.626372640139742,0.6160385283399571,9,12.15676480122577,119.2586457993443,25.07,170.17,0.1534,0.649
12.970085401787694,77.71767893251084,19.176109399730496,23.777642987253913,2,253,14.40355942109491,0.7705978567592064,0.8437807869931448,23.12039112853725,0.12423670555580901,16,13.846823774216878,261.37690938036576,70.76,573.78,0.0279,0.625
12.808987723328048,77.43719625592925,45.195069640708354,1.5927007715800763,2,504,20.58324210220193,0.6560843585105631,0.6923927677333754,47.986066434046265,0.5794941827902612,20,8.196480275876247,315.63671044600767,76.07,770.62,0.026,0.549
12.907470943753978,77.63528090677936,40.52798246504222,14.881162549525781,4,939,49.160145774915605,0.8047859292803363,0.8030244808691323,48.682369752766704,0.6651328601837255,13,8.811093260082828,164.59915825861947,70.01,549.16,0.0563,0.479
13.016653685864346,77.59238915595445,49.258061735361316,16.168637577980526,4,248,27.287049168235185,0.5468837841188142,0.557770992635028,32.78081869834203,0.4389087402062388,1,11.13712181854228,316.57287219769125,115.3,1156.94,0.0344,0.645
13.05339128793046,77.65693021036209,37.958164724421955,16.825047812704963,4,988,25.62887566544142,0.5279915481043915,0.447783377401064,40.59520423836621,0.9531671767711674,15,11.236259472972641,343.19973204505374,68.66,819.24,0.0574,0.535
12.90315507417328,77.4259414377932,20.26656485036819,3.768914312149047,3,366,13.631145921995573,0.6308030971306989,0.5862480746626964,28.67598321158706,0.6082132723795752,12,9.81699838012341,223.56924350863335,54.83,403.26,0.0537,0.583
12.85574242962913,77.63199351497126,29.94125386573725,22.586185019882,4,521,35.36681445521163,0.9141851417766029,0.45845685472460096,45.09736000599034,0.2199994722366252,8,9.006578484379533,323.9257698532315,48.97,534.05,0.08,0.751
13.13397209471972,77.62459383518382,33.389698458118694,5.167215418151905,1,939,1.7042746371111046,0.3281969147137862,0.8711768773392545,51.78607983239356,0.47921625743351626,6,14.861803116086952,221.20898509853797,55.54,701.0,0.0177,0.508
13.19376087228142,77.62426403776647,4.844334999539074,15.323328274516344,2,717,3.426118855412383,0.8633829721075303,0.4381389724742766,44.41166386678247,0.675404437135294,15,13.211236261177245,303.505188836506,7.98,104.37,0.2227,0.622
13.010276072921075,77.64139506663858,27.680350996089388,6.121549819830954,4,571,30.368570769654333,0.5582913288604295,0.727810912362467,35.62913134235683,0.323629124580479,9,9.349801978880452,329.1991147958629,63.58,607.65,0.0619,0.612
12.868671714339321,77.67058717489054,35.75672059515787,8.06597759148923,4,992,17.742054117104253,0.8982333180519344,0.3095857778476223,32.93289797461851,0.07964160628902317,23,12.272924772395685,397.57798549243324,75.23,937.34,0.0525,0.852
12.908922930607748,77.7219955998723,9.198743896051958,13.56854645974686,3,646,47.71250223784707,0.8615421061850994,0.749493194987928,42.115982548787215,0.583435634710885,21,7.695616932524595,203.6189986190788,18.02,131.94,0.1577,0.525
12.807356270618987,77.50792828805129,39.2509541538523,10.59544862698526,3,730,45.256343845416495,0.5441328731772619,0.930639769280027,43.99054458006651,0.94787016861968,8,6.001693262373299,223.31223417238346,78.45,527.55,0.0378,0.343
13.1657195226242,77.73001976407203,29.60486624519147,4.6851888224596445,2,625,35.971606675158654,0.7857135747251311,0.6868665237119267,37.93647217622695,0.48507198556317377,21,8.524310255527407,149.6860178230514,62.9,409.28,0.0313,0.58
12.847100433156058,77.59930227290538,47.658867499182136,4.93153725567951,1,602,41.089133475262265,0.4117429297414081,0.6478843040275818,41.24711375536975,0.9061090806470379,22,9.029728001233941,161.22191752054206,91.78,676.96,0.0108,0.469
13.030606590205702,77.43082331165374,3.078692612137693,10.617330127744392,2,113,33.699260633716975,0.9273970865146515,0.9688946144173123,14.82943412472661,0.835023588371694,6,5.165371245606708,308.0185007795133,18.49,110.82,0.1026,0.362
12.909622088274883,77.4234203716976,14.000980740217882,18.417508500336517,4,877,7.153523032797874,0.5831437451163366,0.7019172442526771,57.58827580711634,0.14741278363398336,15,13.14792001635896,375.11367704634284,19.71,307.31,0.1931,0.675
13.021671201006317,77.53369532747843,30.47614008569138,21.653186877499138,1,751,38.51162511477093,0.6189379307486401,0.4076403466184661,49.5386531866017,0.7081699218355708,8,8.591934023891815,218.38148549837217,44.44,423.6,0.022,0.624
13.060568155340745,77.71395879084459,15.531435698090604,2.934936231965805,1,905,11.299406467223472,0.7940313357258894,0.43391281907819235,28.69639348533919,0.43546552507197844,23,10.80418165780147,153.95333405066236,39.52,269.21,0.0247,0.696
13.13189672148288,77.68307237389637,36.00678403949087,10.041389873866224,1,463,16.84869989990964,0.8745881656933956,0.7642453140287417,38.140630547681496,0.2502463252629369,16,5.73963187270956,185.52984981489823,78.29,448.75,0.0126,0.619
12.882568508704242,77.71544598586897,38.191258843574616,3.3056479656261626,1,218,41.14247639301859,0.4654399203297467,0.7883492751137491,12.366226506821068,0.686938355666703,19,6.7499682875058395,236.51551144244158,258.34,1276.15,0.0039,0.479
12.804398331463393,77.60690762257664,6.023282239257248,1.3816270545497513,2,337,27.28975481127896,0.7629450979138968,0.44279698543121215,12.06139069995302,0.7426607186564214,6,13.896937253275599,187.1950988096105,36.6,197.89,0.0532,0.6
12.854754252027524,77.5760795991822,26.17886874613162,16.219529700811,3,645,43.13709499498705,0.5743986307224039,0.4762751823410642,22.539916755598135,0.1798963187348388,10,11.086875278828007,170.07372493655987,86.28,534.81,0.0344,0.756
13.160007456739242,77.45898101068252,25.935637223961738,14.856337165231519,3,268,11.438730672319945,0.5580920468027729,0.9928452069912697,44.48508211823116,0.9144446820562084,7,14.502840501704856,320.7953466271239,52.35,656.03,0.0562,0.329
13.149556031025005,77.53127710144373,19.094757740561512,4.749439617742382,4,621,30.78114349173747,0.7830180767584582,0.281562039664222,52.60738739000058,0.751147243951441,6,14.987500343913169,102.35347637218696,24.84,328.56,0.1548,0.662
13.038965240868123,77.57360774646955,46.713318265913934,6.377695161140474,3,733,5.10575765486482,0.571028291909154,0.5237160227520794,37.95929399899242,0.9333754991419687,18,8.718601153330944,261.76915820094496,93.17,813.76,0.0319,0.511
13.040206744173462,77.43544017187185,41.54780967378784,1.5452783338239229,3,756,32.50998868346146,0.5422759501150853,0.24995802495800598,36.606636979117624,0.317073218763691,19,7.988030640832746,338.1300421089262,76.61,763.62,0.0387,0.805
13.066014669818502,77.48824478108449,35.1632597135722,20.203785730971287,3,834,38.364167851001206,0.8851218856883696,0.8568626895985929,30.1154766895733,0.9393350157429868,11,13.583560551590967,179.86848589524044,100.07,777.63,0.0297,0.375
12.870148511449381,77.63929011762549,36.00200515101488,23.417883709116683,3,982,29.661613804957362,0.37089328668170446,0.27387667115634584,18.079897797901058,0.36851765783838086,6,14.986114270374543,280.9874531836052,135.84,1175.69,0.0219,0.78
13.165764778369983,77.69426524569568,23.624091046842835,4.115569346277889,4,868,14.045343573441702,0.7731248359811475,0.739205885170169,15.917705066329376,0.05396976142739174,7,11.296412342324572,300.67003168558534,121.96,878.03,0.0325,0.688
12.96750820995683,77.79933900455718,46.128731533732214,6.323929916601856,2,879,2.535790774084469,0.4741077756534372,0.24518673920278566,48.033988061048305,0.7629693887090233,6,12.951407225115224,296.50740892152703,64.68,917.07,0.0305,0.673
12.9532554112998,77.77324533253741,35.03517593541098,20.973419050779484,1,970,6.852995314250003,0.3108487692783332,0.7382840302477529,56.37517756482878,0.7035081440883408,5,12.817458588152745,233.7548902596153,51.05,647.95,0.0192,0.494
13.007567082113136,77.65702607981407,36.720072021135,22.308667352992252,3,615,31.492845974627283,0.4167349882108844,0.8744295575421626,32.91416081931366,0.5979109922633324,8,8.55339708219547,203.97339636273375,96.2,641.12,0.0309,0.471
12.818786386710023,77.56849922131764,43.22285428557992,10.651429804556638,2,496,46.786590625283175,0.7246630708431074,0.5190572215392459,42.97228293578191,0.489893744384174,12,10.742703802570873,350.777221908344,76.01,908.71,0.026,0.645
12.866513347502432,77.65447094588329,14.429507877767358,2.164316862188705,3,965,11.120185794628313,0.7963890340401562,0.6177011947457416,55.72288254404706,0.03216527032263139,6,13.330569412642136,327.5337870999593,20.34,303.39,0.1406,0.743
13.095213446570547,77.7142606472321,40.54647428946845,1.9060121749348462,3,205,37.01628130614984,0.314740448489424,0.521233390404226,14.505681646707227,0.6245972515201543,7,11.881138762610554,196.37655202417375,211.42,1173.7,0.0141,0.604
12.833119467170052,77.44733447636936,10.56678954486811,14.20084691958724,1,184,43.45610209920304,0.3254978103112041,0.44039100690611116,48.52407265595149,0.41683461522279364,21,5.211638139820383,130.90575833266183,15.94,89.85,0.059,0.699
13.041260843786555,77.56396195587851,17.921755659999505,10.036587504543117,1,313,26.523226743928042,0.9317794803900672,0.8426107205017026,40.840844218778756,0.560209402740945,16,8.367056688975335,121.54226363364076,37.42,225.75,0.026,0.495
12.898139643872529,77.73592091425425,17.444912259222292,1.6590058342860539,1,220,33.79402399633923,0.35131407267960385,0.41760205898479175,39.93185894149307,0.42932134196763627,16,6.444756965946054,128.2827933696808,31.69,180.18,0.0306,0.704
12.95571824561679,77.55353318077321,48.94774795106789,14.414805023188805,3,231,40.93575051713126,0.9259275110315999,0.7783547395115578,24.627021424078492,0.966056132765199,15,7.32972212078039,274.8608083576129,165.66,1117.66,0.018,0.399
12.91547749470828,77.62874890849088,42.97032396364842,1.2599583415475168,3,949,13.773082729289085,0.459716139625634,0.3649576634041618,44.194667738883844,0.6041089011508471,21,14.054894774913256,115.49865274869691,68.98,736.73,0.0429,0.673
12.94226908658598,77.63510774434488,35.357323217922726,19.109555037433278,3,296,15.547888039134106,0.818012460110749,0.3998830368626637,49.73988774103883,0.7492363306024672,1,5.368932889107682,201.0780624892115,51.18,361.35,0.0575,0.615
13.087618362073698,77.47379050125346,36.625781319154115,8.047954922177546,1,118,1.0307483147943524,0.5168132742622085,0.46916893006176985,15.642908247184858,0.9363469474710833,7,7.198007119619238,325.9599105742688,173.44,1205.87,0.0057,0.531
12.91884868624927,77.54489417666092,28.541566925725984,1.9259340692123383,4,741,48.191612413992324,0.9011264179264287,0.6713251019150306,36.67607154904919,0.5915993229167397,16,8.095693522382314,188.30444995461343,62.37,426.81,0.0631,0.554
13.026561856118759,77.53380451549677,47.40744268831744,14.532101082612526,2,111,45.959699835220896,0.7903184057970505,0.5635378553276329,15.063259049370483,0.012062517822400753,12,11.168840719663947,328.992423154039,242.04,1856.64,0.0082,0.771
12.99042016087964,77.41047868341283,25.316678891235714,10.146741531960258,4,180,38.46384492421208,0.5812694210211866,0.7961158478622563,53.62870096488223,0.03429167831054236,17,10.341016900858655,323.6401114621166,39.6,475.4,0.0985,0.671
13.06546846614506,77.40967670555655,19.64536778362483,23.397409507214437,3,429,4.874725027855758,0.35341171792185566,0.37085384026895385,35.38183613281737,0.7023384341018618,23,7.182694828533861,173.7481397899649,39.49,255.46,0.0741,0.641
13.174731895729902,77.7326788174703,8.988731509647959,13.51656923758515,3,965,22.927641595275897,0.8128901287095649,0.2085378302790673,50.39828446303787,0.2790851361512835,21,6.642410672231545,318.6466540278236,11.82,122.48,0.234,0.833
13.0930288388841,77.50922832398913,39.52407696079184,7.33050116385119,4,873,5.992695944606088,0.731819329175627,0.8212459774281762,28.404281883310713,0.5793797273479487,9,7.367980345961188,324.3329914816302,117.77,927.82,0.0337,0.498
12.885976151436303,77.60723150649552,36.98775267170398,17.317093886581418,3,491,1.7800930958771315,0.3020382024836521,0.857319467104058,16.25391134081627,0.20227718109066894,1,10.025296267016556,219.23617770010804,195.07,1083.59,0.0153,0.596
12.812473254024514,77.51949022943552,19.83339688768261,7.244316058482361,2,736,31.192965295417267,0.3065938991807117,0.24758413048671166,12.074965219285573,0.27024887506171413,1,7.711777857112034,163.12614512245545,110.75,454.05,0.0179,0.82
12.90490561771993,77.77627169804613,2.2344772840022387,21.797595702373997,3,406,48.080641436929234,0.8661550812348857,0.6887260177267172,24.075481038618776,0.5046410559480753,13,14.476025016077221,256.3812420675607,7.49,64.35,0.3534,0.573
13.038031172280101,77.50371870354631,42.11086905818252,9.618605321669659,2,366,45.24053314817535,0.48157981716129766,0.5025654270984623,22.211685018203926,0.9755694633560821,15,9.638652214288475,376.4192764000589,142.34,1298.88,0.014,0.506
12.820570325393701,77.57186272509557,1.5594811892496079,13.64697694385272,4,546,35.14098593183481,0.7452935674096459,0.8351165241556135,38.01759870099809,0.6162704892091916,6,5.58796016544637,291.8850197296186,3.49,25.69,0.8909,0.481
12.998546498880495,77.74909210019383,35.48128920182349,2.163181387957264,4,540,5.7353886240787,0.6179500938356732,0.8995316433571829,11.086941903185368,0.9361481045130232,20,12.292664058366334,151.87674928817836,278.38,1140.82,0.0143,0.359
13.038737139566756,77.73677342671672,48.5425983765768,10.800788472901308,3,994,14.434037845942706,0.9044010101652371,0.8808030134377993,36.02852721495867,0.9593798543869475,20,8.288452882089896,304.82707742005596,116.44,993.91,0.0255,0.36
12.933697556326784,77.47444056713852,22.44540507926197,20.144361412202883,2,751,16.682779617379257,0.9418727791717421,0.8217633978806818,29.588587100600158,0.20810999642050743,23,11.534889320582476,228.16090818455038,64.22,503.11,0.0307,0.609
13.108364881498328,77.72105732391829,12.513696844801686,19.529922523356866,3,940,38.3943528295325,0.9977653988751978,0.4152417829937304,38.85611349572211,0.31119360246894445,11,7.79594370523232,277.4586392066119,23.34,205.49,0.1233,0.741
12.84263930125351,77.58327475469515,35.5386794921257,6.159326853631104,1,101,40.31020978252059,0.4075788950650728,0.8495117148546534,45.12087640751823,0.7699922812187041,22,10.7074374173332,320.21921050693237,67.33,739.87,0.0146,0.429
12.830055112694325,77.59318754883414,41.039278958763674,6.199818633242941,1,619,19.8702000265061,0.9040748325328327,0.6267827807250341,41.70459725399195,0.8667640022913439,13,12.721525048074646,254.48420545433345,77.55,851.0,0.0127,0.489
13.091275502481441,77.45339198896639,27.77508548781452,19.798022180904447,1,861,21.476315834262873,0.4862149637101612,0.24220529186567266,59.232218468668314,0.5192267441895277,3,14.28008741774554,344.19519237199256,31.54,577.56,0.0307,0.747
12.998196526482479,77.43224060550286,48.384728487551165,22.399163663894488,1,750,3.1809429245323955,0.7135711124268553,0.5655510799185992,16.913267193843552,0.9932260672805492,3,7.611271444330771,316.6466737949884,220.18,1530.26,0.0045,0.476
13.075360958571094,77.69117572278951,3.531767361240094,3.1933011892790817,3,735,15.167699202519287,0.6540409837084475,0.9537263336239947,31.486850446488926,0.011572198755270269,17,8.348569509989812,284.5220020055532,9.94,76.62,0.2742,0.615
12.973930935441498,77.59858446094212,25.734984316921878,11.351348706803181,1,408,23.112973681704357,0.31259169210067134,0.9102874797884422,31.241536832165558,0.29959265558521564,2,9.642664202859397,145.23784474970546,71.92,422.25,0.0137,0.546
12.898560813295642,77.57474028104608,36.20424341880496,8.761448416177267,2,839,6.732169272877622,0.9529398959342663,0.28181142479769283,30.852660185146032,0.6231617537445798,0,14.271748377359888,350.78473327347047,80.33,986.34,0.0246,0.7
13.12764092706968,77.69180329146096,43.269383086309766,21.025834475521105,4,621,23.210105576996046,0.3548289386044529,0.7953013485714961,43.189919602133415,0.46928991093748285,16,14.01386856810657,380.7716755959448,84.01,1139.52,0.0471,0.541
13.119766351587591,77.70620515959644,9.783524983481712,2.921073037640432,4,568,42.80561480063222,0.7817532435854151,0.8446342927665877,34.49140302733612,0.11660296642880075,6,5.89878280100638,141.08953714278846,24.21,114.64,0.1587,0.627
13.07787858834177,77.46356326706774,40.200170606420386,5.85589667883486,1,311,29.484729966527613,0.8495047853457833,0.4171105505894119,35.87162799064815,0.3677870854805636,15,6.319298257538108,246.47233883002917,81.26,587.84,0.0122,0.723
12.908858054891985,77.64409005979105,28.082646710208717,18.30677176448937,1,211,4.867562896882204,0.8567014943333788,0.5772868565928739,31.617799607338235,0.025447143295039054,4,9.955091773306382,177.66662259115134,68.67,482.9,0.0144,0.761
13.036092266747636,77.45414163291107,20.431130417508196,2.1797585265679587,1,107,10.391894622683441,0.39484616325019134,0.7687903531709464,59.58497305092813,0.6427460460752794,18,6.066192728054235,326.35699222766937,28.48,278.85,0.0339,0.5
12.944389558776011,77.70055003441162,7.454036400375585,12.328313756428653,3,903,24.252673157769255,0.6132989653555805,0.5512331910569184,56.37806744095211,0.8927425429963552,6,8.455808733486975,316.48889080141,10.12,116.41,0.2698,0.512
12.836632829330654,77.66278206250685,43.39949218653671,11.16846179763356,4,576,18.71287034126879,0.8806002093037859,0.29023753509326156,25.386209468218546,0.8848741237834589,13,6.483853782174776,142.2655361711196,117.46,559.9,0.0338,0.618
13.166925430184897,77.78264584843338,8.706387200806052,8.691227116741219,1,973,18.57762395775884,0.5118754472651282,0.7647059557453773,15.579696238333359,0.6995444737655465,1,11.360403551318859,363.10818137849117,46.35,379.41,0.0211,0.484
12.854727452367586,77.42758320654258,16.179605101245862,10.075163252335248,2,559,26.934104959035917,0.6274240727622644,0.9293109517882427,51.98823620193014,0.46577019549792753,2,14.494954317391617,154.2919191934007,27.35,304.85,0.0705,0.489
13.18009494152832,77.4228218884605,15.212231066159408,13.188633499395358,1,352,29.635400157883414,0.49095572488989203,0.7219877827249261,59.85851257128623,0.5120316186914897,16,14.967337702943816,339.17770769443223,20.75,344.99,0.046,0.558
12.978402309183183,77.51287482987728,43.69928767535186,4.711449242932812,4,625,40.046216943533366,0.6244859925197268,0.8190405988552272,24.630444701982277,0.1369188239956629,15,8.752411324969149,237.09410788840145,150.05,975.41,0.0265,0.631
